LocalTime, GPSTime, ESSID, BSSID, Power, Security, Latitude, Longitude, Latitude Error, Longitude Error, Type
2023-12-04 16:55:36,1900-01-00 00:00:00,,88:C3:97:04:EC:11,0, ,0.000000,0.000000,0.000,0.000,AP
2023-12-04 16:55:36,1900-01-00 00:00:00,,88:C3:97:04:EC:11,0, ,0.000000,0.000000,0.000,0.000,AP
2023-12-04 16:55:36,1900-01-00 00:00:00,,88:C3:97:04:EC:11,0, ,0.000000,0.000000,0.000,0.000,AP
2023-12-04 16:55:36,1900-01-00 00:00:00,,88:C3:97:04:EC:11,0, ,0.000000,0.000000,0.000,0.000,AP
2023-12-04 16:55:36,1900-01-00 00:00:00,,88:C3:97:04:EC:11,0, ,0.000000,0.000000,0.000,0.000,AP
2023-12-04 16:55:36,1900-01-00 00:00:00,,88:C3:97:04:EC:11,0, ,0.000000,0.000000,0.000,0.000,AP
2023-12-04 16:55:36,1900-01-00 00:00:00,,88:C3:97:04:EC:11,0, ,0.000000,0.000000,0.000,0.000,AP
2023-12-04 16:55:36,1900-01-00 00:00:00,,88:C3:97:04:EC:11,0, ,0.000000,0.000000,0.000,0.000,AP
2023-12-04 16:55:36,1900-01-00 00:00:00,,88:C3:97:04:EC:11,0, ,0.000000,0.000000,0.000,0.000,AP
2023-12-04 16:55:36,1900-01-00 00:00:00,,88:C3:97:04:EC:11,0, ,0.000000,0.000000,0.000,0.000,AP
2023-12-04 16:55:36,1900-01-00 00:00:00,,88:C3:97:04:EC:11,0, ,0.000000,0.000000,0.000,0.000,AP
2023-12-04 16:55:36,1900-01-00 00:00:00,,88:C3:97:04:EC:11,0, ,0.000000,0.000000,0.000,0.000,AP
2023-12-04 16:55:36,1900-01-00 00:00:00,,88:C3:97:04:EC:11,0, ,0.000000,0.000000,0.000,0.000,AP
2023-12-04 16:55:36,1900-01-00 00:00:00,,88:C3:97:04:EC:11,0, ,0.000000,0.000000,0.000,0.000,AP
2023-12-04 16:55:36,1900-01-00 00:00:00,,88:C3:97:04:EC:11,0, ,0.000000,0.000000,0.000,0.000,AP
2023-12-04 16:55:36,1900-01-00 00:00:00,,88:C3:97:04:EC:11,0, ,0.000000,0.000000,0.000,0.000,AP
2023-12-04 16:55:36,1900-01-00 00:00:00,,88:C3:97:04:EC:11,0, ,0.000000,0.000000,0.000,0.000,AP
2023-12-04 16:55:36,1900-01-00 00:00:00,,88:C3:97:04:EC:11,-16, ,0.000000,0.000000,0.000,0.000,AP
2023-12-04 16:55:36,1900-01-00 00:00:00,,88:C3:97:04:EC:11,-16, ,0.000000,0.000000,0.000,0.000,AP
2023-12-04 16:55:36,1900-01-00 00:00:00,,88:C3:97:04:EC:11,-16, ,0.000000,0.000000,0.000,0.000,AP
2023-12-04 16:55:36,1900-01-00 00:00:00,Xiaomi_EC10,88:C3:97:04:EC:11,-16, WPA2 ,0.000000,0.000000,0.000,0.000,AP
2023-12-04 16:55:36,1900-01-00 00:00:00,Xiaomi_EC10,88:C3:97:04:EC:11,-16, WPA2 ,0.000000,0.000000,0.000,0.000,AP
2023-12-04 16:55:36,1900-01-00 00:00:00,Xiaomi_EC10,88:C3:97:04:EC:11,-16, WPA2 ,0.000000,0.000000,0.000,0.000,AP
2023-12-04 16:55:36,1900-01-00 00:00:00,Xiaomi_EC10,88:C3:97:04:EC:11,-17, WPA2 ,0.000000,0.000000,0.000,0.000,AP
2023-12-04 16:55:36,1900-01-00 00:00:00,Xiaomi_EC10,88:C3:97:04:EC:11,-17, WPA2 ,0.000000,0.000000,0.000,0.000,AP
2023-12-04 16:55:36,1900-01-00 00:00:00,Xiaomi_EC10,88:C3:97:04:EC:11,-17, WPA2 ,0.000000,0.000000,0.000,0.000,AP
2023-12-04 16:55:36,1900-01-00 00:00:00,Xiaomi_EC10,88:C3:97:04:EC:11,-17, WPA2 ,0.000000,0.000000,0.000,0.000,AP
2023-12-04 16:55:36,1900-01-00 00:00:00,Xiaomi_EC10,88:C3:97:04:EC:11,-17, WPA2 ,0.000000,0.000000,0.000,0.000,AP
2023-12-04 16:55:36,1900-01-00 00:00:00,Xiaomi_EC10,88:C3:97:04:EC:11,-17, WPA2 ,0.000000,0.000000,0.000,0.000,AP
2023-12-04 16:55:36,1900-01-00 00:00:00,Xiaomi_EC10,88:C3:97:04:EC:11,-17, WPA2 ,0.000000,0.000000,0.000,0.000,AP
2023-12-04 16:55:36,1900-01-00 00:00:00,Xiaomi_EC10,88:C3:97:04:EC:11,-18, WPA2 ,0.000000,0.000000,0.000,0.000,AP
2023-12-04 16:55:36,1900-01-00 00:00:00,Xiaomi_EC10,88:C3:97:04:EC:11,-16, WPA2 ,0.000000,0.000000,0.000,0.000,AP
2023-12-04 16:55:36,1900-01-00 00:00:00,Xiaomi_EC10,88:C3:97:04:EC:11,-17, WPA2 ,0.000000,0.000000,0.000,0.000,AP
2023-12-04 16:55:36,1900-01-00 00:00:00,Xiaomi_EC10,88:C3:97:04:EC:11,-17, WPA2 ,0.000000,0.000000,0.000,0.000,AP
2023-12-04 16:55:36,1900-01-00 00:00:00,Xiaomi_EC10,88:C3:97:04:EC:11,-17, WPA2 ,0.000000,0.000000,0.000,0.000,AP
2023-12-04 16:55:36,1900-01-00 00:00:00,Xiaomi_EC10,88:C3:97:04:EC:11,-16, WPA2 ,0.000000,0.000000,0.000,0.000,AP
2023-12-04 16:55:36,1900-01-00 00:00:00,Xiaomi_EC10,88:C3:97:04:EC:11,-17, WPA2 ,0.000000,0.000000,0.000,0.000,AP
2023-12-04 16:55:36,1900-01-00 00:00:00,Xiaomi_EC10,88:C3:97:04:EC:11,-16, WPA2 ,0.000000,0.000000,0.000,0.000,AP
2023-12-04 16:55:36,1900-01-00 00:00:00,Xiaomi_EC10,88:C3:97:04:EC:11,-17, WPA2 ,0.000000,0.000000,0.000,0.000,AP
2023-12-04 16:55:36,1900-01-00 00:00:00,Xiaomi_EC10,88:C3:97:04:EC:11,-17, WPA2 ,0.000000,0.000000,0.000,0.000,AP
2023-12-04 16:55:36,1900-01-00 00:00:00,Xiaomi_EC10,88:C3:97:04:EC:11,-16, WPA2 ,0.000000,0.000000,0.000,0.000,AP
2023-12-04 16:55:36,1900-01-00 00:00:00,Xiaomi_EC10,88:C3:97:04:EC:11,-16, WPA2 ,0.000000,0.000000,0.000,0.000,AP
2023-12-04 16:55:36,1900-01-00 00:00:00,Xiaomi_EC10,88:C3:97:04:EC:11,-16, WPA2 ,0.000000,0.000000,0.000,0.000,AP
2023-12-04 16:55:36,1900-01-00 00:00:00,Xiaomi_EC10,88:C3:97:04:EC:11,-17, WPA2 ,0.000000,0.000000,0.000,0.000,AP
2023-12-04 16:55:36,1900-01-00 00:00:00,Xiaomi_EC10,88:C3:97:04:EC:11,-16, WPA2 ,0.000000,0.000000,0.000,0.000,AP
2023-12-04 16:55:36,1900-01-00 00:00:00,Xiaomi_EC10,88:C3:97:04:EC:11,-16, WPA2 ,0.000000,0.000000,0.000,0.000,AP
2023-12-04 16:55:36,1900-01-00 00:00:00,Xiaomi_EC10,88:C3:97:04:EC:11,-17, WPA2 ,0.000000,0.000000,0.000,0.000,AP
2023-12-04 16:55:36,1900-01-00 00:00:00,Xiaomi_EC10,88:C3:97:04:EC:11,-17, WPA2 ,0.000000,0.000000,0.000,0.000,AP
2023-12-04 16:55:36,1900-01-00 00:00:00,Xiaomi_EC10,88:C3:97:04:EC:11,-16, WPA2 ,0.000000,0.000000,0.000,0.000,AP
2023-12-04 16:55:36,1900-01-00 00:00:00,Xiaomi_EC10,88:C3:97:04:EC:11,-17, WPA2 ,0.000000,0.000000,0.000,0.000,AP
2023-12-04 16:55:36,1900-01-00 00:00:00,Xiaomi_EC10,88:C3:97:04:EC:11,-16, WPA2 ,0.000000,0.000000,0.000,0.000,AP
2023-12-04 16:55:37,1900-01-00 00:00:00,Xiaomi_EC10,88:C3:97:04:EC:11,-16, WPA2 ,0.000000,0.000000,0.000,0.000,AP
2023-12-04 16:55:37,1900-01-00 00:00:00,Xiaomi_EC10,88:C3:97:04:EC:11,-15, WPA2 ,0.000000,0.000000,0.000,0.000,AP
2023-12-04 16:55:37,1900-01-00 00:00:00,Xiaomi_EC10,88:C3:97:04:EC:11,-15, WPA2 ,0.000000,0.000000,0.000,0.000,AP
2023-12-04 16:55:37,1900-01-00 00:00:00,Xiaomi_EC10,88:C3:97:04:EC:11,-16, WPA2 ,0.000000,0.000000,0.000,0.000,AP
2023-12-04 16:55:37,1900-01-00 00:00:00,Xiaomi_EC10,88:C3:97:04:EC:11,-16, WPA2 ,0.000000,0.000000,0.000,0.000,AP
2023-12-04 16:55:37,1900-01-00 00:00:00,Xiaomi_EC10,88:C3:97:04:EC:11,-15, WPA2 ,0.000000,0.000000,0.000,0.000,AP
2023-12-04 16:55:37,1900-01-00 00:00:00,Xiaomi_EC10,88:C3:97:04:EC:11,-15, WPA2 ,0.000000,0.000000,0.000,0.000,AP
2023-12-04 16:55:37,1900-01-00 00:00:00,Xiaomi_EC10,88:C3:97:04:EC:11,-16, WPA2 ,0.000000,0.000000,0.000,0.000,AP
2023-12-04 16:55:37,1900-01-00 00:00:00,Xiaomi_EC10,88:C3:97:04:EC:11,-17, WPA2 ,0.000000,0.000000,0.000,0.000,AP
2023-12-04 16:55:38,1900-01-00 00:00:00,Xiaomi_EC10,88:C3:97:04:EC:11,-15, WPA2 ,0.000000,0.000000,0.000,0.000,AP
2023-12-04 16:55:38,1900-01-00 00:00:00,Xiaomi_EC10,88:C3:97:04:EC:11,-16, WPA2 ,0.000000,0.000000,0.000,0.000,AP
2023-12-04 16:55:38,1900-01-00 00:00:00,Xiaomi_EC10,88:C3:97:04:EC:11,-16, WPA2 ,0.000000,0.000000,0.000,0.000,AP
2023-12-04 16:55:38,1900-01-00 00:00:00,Xiaomi_EC10,88:C3:97:04:EC:11,-16, WPA2 ,0.000000,0.000000,0.000,0.000,AP
2023-12-04 16:55:38,1900-01-00 00:00:00,Xiaomi_EC10,88:C3:97:04:EC:11,-16, WPA2 ,0.000000,0.000000,0.000,0.000,AP
2023-12-04 16:55:38,1900-01-00 00:00:00,Xiaomi_EC10,88:C3:97:04:EC:11,-16, WPA2 ,0.000000,0.000000,0.000,0.000,AP
2023-12-04 16:55:38,1900-01-00 00:00:00,Xiaomi_EC10,88:C3:97:04:EC:11,-16, WPA2 ,0.000000,0.000000,0.000,0.000,AP
2023-12-04 16:55:38,1900-01-00 00:00:00,Xiaomi_EC10,88:C3:97:04:EC:11,-16, WPA2 ,0.000000,0.000000,0.000,0.000,AP
2023-12-04 16:55:38,1900-01-00 00:00:00,Xiaomi_EC10,88:C3:97:04:EC:11,-16, WPA2 ,0.000000,0.000000,0.000,0.000,AP
2023-12-04 16:55:38,1900-01-00 00:00:00,Xiaomi_EC10,88:C3:97:04:EC:11,-15, WPA2 ,0.000000,0.000000,0.000,0.000,AP
2023-12-04 16:55:39,1900-01-00 00:00:00,Xiaomi_EC10,88:C3:97:04:EC:11,-15, WPA2 ,0.000000,0.000000,0.000,0.000,AP
2023-12-04 16:55:39,1900-01-00 00:00:00,Xiaomi_EC10,88:C3:97:04:EC:11,-15, WPA2 ,0.000000,0.000000,0.000,0.000,AP
2023-12-04 16:55:39,1900-01-00 00:00:00,Xiaomi_EC10,88:C3:97:04:EC:11,-16, WPA2 ,0.000000,0.000000,0.000,0.000,AP
2023-12-04 16:55:39,1900-01-00 00:00:00,Xiaomi_EC10,88:C3:97:04:EC:11,-16, WPA2 ,0.000000,0.000000,0.000,0.000,AP
2023-12-04 16:55:39,1900-01-00 00:00:00,Xiaomi_EC10,88:C3:97:04:EC:11,-17, WPA2 ,0.000000,0.000000,0.000,0.000,AP
2023-12-04 16:55:39,1900-01-00 00:00:00,Xiaomi_EC10,88:C3:97:04:EC:11,-16, WPA2 ,0.000000,0.000000,0.000,0.000,AP
2023-12-04 16:55:39,1900-01-00 00:00:00,Xiaomi_EC10,88:C3:97:04:EC:11,-16, WPA2 ,0.000000,0.000000,0.000,0.000,AP
2023-12-04 16:55:39,1900-01-00 00:00:00,Xiaomi_EC10,88:C3:97:04:EC:11,-15, WPA2 ,0.000000,0.000000,0.000,0.000,AP
2023-12-04 16:55:39,1900-01-00 00:00:00,Xiaomi_EC10,88:C3:97:04:EC:11,-15, WPA2 ,0.000000,0.000000,0.000,0.000,AP
2023-12-04 16:55:39,1900-01-00 00:00:00,Xiaomi_EC10,88:C3:97:04:EC:11,-17, WPA2 ,0.000000,0.000000,0.000,0.000,AP
2023-12-04 16:55:40,1900-01-00 00:00:00,Xiaomi_EC10,88:C3:97:04:EC:11,-16, WPA2 ,0.000000,0.000000,0.000,0.000,AP
2023-12-04 16:55:40,1900-01-00 00:00:00,Xiaomi_EC10,88:C3:97:04:EC:11,-16, WPA2 ,0.000000,0.000000,0.000,0.000,AP
2023-12-04 16:55:40,1900-01-00 00:00:00,Xiaomi_EC10,88:C3:97:04:EC:11,-16, WPA2 ,0.000000,0.000000,0.000,0.000,AP
2023-12-04 16:55:40,1900-01-00 00:00:00,Xiaomi_EC10,88:C3:97:04:EC:11,-16, WPA2 ,0.000000,0.000000,0.000,0.000,AP
2023-12-04 16:55:40,1900-01-00 00:00:00,Xiaomi_EC10,88:C3:97:04:EC:11,-17, WPA2 ,0.000000,0.000000,0.000,0.000,AP
2023-12-04 16:55:40,1900-01-00 00:00:00,Xiaomi_EC10,88:C3:97:04:EC:11,-16, WPA2 ,0.000000,0.000000,0.000,0.000,AP
2023-12-04 16:55:40,1900-01-00 00:00:00,Xiaomi_EC10,88:C3:97:04:EC:11,-17, WPA2 ,0.000000,0.000000,0.000,0.000,AP
2023-12-04 16:55:40,1900-01-00 00:00:00,Xiaomi_EC10,88:C3:97:04:EC:11,-17, WPA2 ,0.000000,0.000000,0.000,0.000,AP
2023-12-04 16:55:40,1900-01-00 00:00:00,Xiaomi_EC10,88:C3:97:04:EC:11,-17, WPA2 ,0.000000,0.000000,0.000,0.000,AP
2023-12-04 16:55:40,1900-01-00 00:00:00,Xiaomi_EC10,88:C3:97:04:EC:11,-16, WPA2 ,0.000000,0.000000,0.000,0.000,AP
2023-12-04 16:55:40,1900-01-00 00:00:00,Xiaomi_EC10,88:C3:97:04:EC:11,-16, WPA2 ,0.000000,0.000000,0.000,0.000,AP
2023-12-04 16:55:40,1900-01-00 00:00:00,Xiaomi_EC10,88:C3:97:04:EC:11,-16, WPA2 ,0.000000,0.000000,0.000,0.000,AP
2023-12-04 16:55:40,1900-01-00 00:00:00,Xiaomi_EC10,88:C3:97:04:EC:11,-18, WPA2 ,0.000000,0.000000,0.000,0.000,AP
2023-12-04 16:55:40,1900-01-00 00:00:00,Xiaomi_EC10,88:C3:97:04:EC:11,-17, WPA2 ,0.000000,0.000000,0.000,0.000,AP
2023-12-04 16:55:40,1900-01-00 00:00:00,Xiaomi_EC10,88:C3:97:04:EC:11,-18, WPA2 ,0.000000,0.000000,0.000,0.000,AP
2023-12-04 16:55:40,1900-01-00 00:00:00,Xiaomi_EC10,88:C3:97:04:EC:11,-35, WPA2 ,0.000000,0.000000,0.000,0.000,AP
2023-12-04 16:55:40,1900-01-00 00:00:00,Xiaomi_EC10,88:C3:97:04:EC:11,-16, WPA2 ,0.000000,0.000000,0.000,0.000,AP
2023-12-04 16:55:40,1900-01-00 00:00:00,Xiaomi_EC10,88:C3:97:04:EC:11,-17, WPA2 ,0.000000,0.000000,0.000,0.000,AP
2023-12-04 16:55:41,1900-01-00 00:00:00,Xiaomi_EC10,88:C3:97:04:EC:11,-17, WPA2 ,0.000000,0.000000,0.000,0.000,AP
2023-12-04 16:55:41,1900-01-00 00:00:00,Xiaomi_EC10,88:C3:97:04:EC:11,-16, WPA2 ,0.000000,0.000000,0.000,0.000,AP
2023-12-04 16:55:41,1900-01-00 00:00:00,Xiaomi_EC10,88:C3:97:04:EC:11,-16, WPA2 ,0.000000,0.000000,0.000,0.000,AP
2023-12-04 16:55:41,1900-01-00 00:00:00,Xiaomi_EC10,88:C3:97:04:EC:11,-16, WPA2 ,0.000000,0.000000,0.000,0.000,AP
2023-12-04 16:55:41,1900-01-00 00:00:00,Xiaomi_EC10,88:C3:97:04:EC:11,-16, WPA2 ,0.000000,0.000000,0.000,0.000,AP
2023-12-04 16:55:41,1900-01-00 00:00:00,Xiaomi_EC10,88:C3:97:04:EC:11,-17, WPA2 ,0.000000,0.000000,0.000,0.000,AP
2023-12-04 16:55:41,1900-01-00 00:00:00,Xiaomi_EC10,88:C3:97:04:EC:11,-17, WPA2 ,0.000000,0.000000,0.000,0.000,AP
2023-12-04 16:55:41,1900-01-00 00:00:00,Xiaomi_EC10,88:C3:97:04:EC:11,-17, WPA2 ,0.000000,0.000000,0.000,0.000,AP
2023-12-04 16:55:41,1900-01-00 00:00:00,Xiaomi_EC10,88:C3:97:04:EC:11,-17, WPA2 ,0.000000,0.000000,0.000,0.000,AP
2023-12-04 16:55:41,1900-01-00 00:00:00,Xiaomi_EC10,88:C3:97:04:EC:11,-17, WPA2 ,0.000000,0.000000,0.000,0.000,AP
2023-12-04 16:55:41,1900-01-00 00:00:00,Xiaomi_EC10,88:C3:97:04:EC:11,-17, WPA2 ,0.000000,0.000000,0.000,0.000,AP
2023-12-04 16:55:41,1900-01-00 00:00:00,Xiaomi_EC10,88:C3:97:04:EC:11,-17, WPA2 ,0.000000,0.000000,0.000,0.000,AP
2023-12-04 16:55:41,1900-01-00 00:00:00,Xiaomi_EC10,88:C3:97:04:EC:11,-17, WPA2 ,0.000000,0.000000,0.000,0.000,AP
2023-12-04 16:55:41,1900-01-00 00:00:00,Xiaomi_EC10,88:C3:97:04:EC:11,-17, WPA2 ,0.000000,0.000000,0.000,0.000,AP
2023-12-04 16:55:41,1900-01-00 00:00:00,Xiaomi_EC10,88:C3:97:04:EC:11,-17, WPA2 ,0.000000,0.000000,0.000,0.000,AP
2023-12-04 16:55:41,1900-01-00 00:00:00,Xiaomi_EC10,88:C3:97:04:EC:11,-17, WPA2 ,0.000000,0.000000,0.000,0.000,AP
2023-12-04 16:55:41,1900-01-00 00:00:00,Xiaomi_EC10,88:C3:97:04:EC:11,-17, WPA2 ,0.000000,0.000000,0.000,0.000,AP
2023-12-04 16:55:41,1900-01-00 00:00:00,Xiaomi_EC10,88:C3:97:04:EC:11,-17, WPA2 ,0.000000,0.000000,0.000,0.000,AP
2023-12-04 16:55:41,1900-01-00 00:00:00,Xiaomi_EC10,88:C3:97:04:EC:11,-17, WPA2 ,0.000000,0.000000,0.000,0.000,AP
2023-12-04 16:55:41,1900-01-00 00:00:00,Xiaomi_EC10,88:C3:97:04:EC:11,-17, WPA2 ,0.000000,0.000000,0.000,0.000,AP
2023-12-04 16:55:41,1900-01-00 00:00:00,Xiaomi_EC10,88:C3:97:04:EC:11,-17, WPA2 ,0.000000,0.000000,0.000,0.000,AP
2023-12-04 16:55:41,1900-01-00 00:00:00,Xiaomi_EC10,88:C3:97:04:EC:11,-17, WPA2 ,0.000000,0.000000,0.000,0.000,AP
2023-12-04 16:55:41,1900-01-00 00:00:00,Xiaomi_EC10,88:C3:97:04:EC:11,-17, WPA2 ,0.000000,0.000000,0.000,0.000,AP
2023-12-04 16:55:41,1900-01-00 00:00:00,Xiaomi_EC10,88:C3:97:04:EC:11,-17, WPA2 ,0.000000,0.000000,0.000,0.000,AP
2023-12-04 16:55:41,1900-01-00 00:00:00,Xiaomi_EC10,88:C3:97:04:EC:11,-17, WPA2 ,0.000000,0.000000,0.000,0.000,AP
2023-12-04 16:55:41,1900-01-00 00:00:00,Xiaomi_EC10,88:C3:97:04:EC:11,-17, WPA2 ,0.000000,0.000000,0.000,0.000,AP
2023-12-04 16:55:41,1900-01-00 00:00:00,Xiaomi_EC10,88:C3:97:04:EC:11,-17, WPA2 ,0.000000,0.000000,0.000,0.000,AP
2023-12-04 16:55:41,1900-01-00 00:00:00,Xiaomi_EC10,88:C3:97:04:EC:11,-17, WPA2 ,0.000000,0.000000,0.000,0.000,AP
2023-12-04 16:55:41,1900-01-00 00:00:00,Xiaomi_EC10,88:C3:97:04:EC:11,-17, WPA2 ,0.000000,0.000000,0.000,0.000,AP
2023-12-04 16:55:41,1900-01-00 00:00:00,Xiaomi_EC10,88:C3:97:04:EC:11,-17, WPA2 ,0.000000,0.000000,0.000,0.000,AP
2023-12-04 16:55:41,1900-01-00 00:00:00,Xiaomi_EC10,88:C3:97:04:EC:11,-17, WPA2 ,0.000000,0.000000,0.000,0.000,AP
2023-12-04 16:55:41,1900-01-00 00:00:00,Xiaomi_EC10,88:C3:97:04:EC:11,-17, WPA2 ,0.000000,0.000000,0.000,0.000,AP
2023-12-04 16:55:41,1900-01-00 00:00:00,Xiaomi_EC10,88:C3:97:04:EC:11,-17, WPA2 ,0.000000,0.000000,0.000,0.000,AP
2023-12-04 16:55:41,1900-01-00 00:00:00,Xiaomi_EC10,88:C3:97:04:EC:11,-17, WPA2 ,0.000000,0.000000,0.000,0.000,AP
2023-12-04 16:55:41,1900-01-00 00:00:00,Xiaomi_EC10,88:C3:97:04:EC:11,-17, WPA2 ,0.000000,0.000000,0.000,0.000,AP
2023-12-04 16:55:41,1900-01-00 00:00:00,Xiaomi_EC10,88:C3:97:04:EC:11,-17, WPA2 ,0.000000,0.000000,0.000,0.000,AP
2023-12-04 16:55:41,1900-01-00 00:00:00,Xiaomi_EC10,88:C3:97:04:EC:11,-17, WPA2 ,0.000000,0.000000,0.000,0.000,AP
2023-12-04 16:55:41,1900-01-00 00:00:00,Xiaomi_EC10,88:C3:97:04:EC:11,-17, WPA2 ,0.000000,0.000000,0.000,0.000,AP
2023-12-04 16:55:41,1900-01-00 00:00:00,Xiaomi_EC10,88:C3:97:04:EC:11,-17, WPA2 ,0.000000,0.000000,0.000,0.000,AP
2023-12-04 16:55:41,1900-01-00 00:00:00,Xiaomi_EC10,88:C3:97:04:EC:11,-17, WPA2 ,0.000000,0.000000,0.000,0.000,AP
2023-12-04 16:55:41,1900-01-00 00:00:00,Xiaomi_EC10,88:C3:97:04:EC:11,-17, WPA2 ,0.000000,0.000000,0.000,0.000,AP
2023-12-04 16:55:41,1900-01-00 00:00:00,Xiaomi_EC10,88:C3:97:04:EC:11,-17, WPA2 ,0.000000,0.000000,0.000,0.000,AP
2023-12-04 16:55:41,1900-01-00 00:00:00,Xiaomi_EC10,88:C3:97:04:EC:11,-17, WPA2 ,0.000000,0.000000,0.000,0.000,AP
2023-12-04 16:55:41,1900-01-00 00:00:00,Xiaomi_EC10,88:C3:97:04:EC:11,-17, WPA2 ,0.000000,0.000000,0.000,0.000,AP
2023-12-04 16:55:41,1900-01-00 00:00:00,Xiaomi_EC10,88:C3:97:04:EC:11,-17, WPA2 ,0.000000,0.000000,0.000,0.000,AP
2023-12-04 16:55:41,1900-01-00 00:00:00,Xiaomi_EC10,88:C3:97:04:EC:11,-17, WPA2 ,0.000000,0.000000,0.000,0.000,AP
2023-12-04 16:55:41,1900-01-00 00:00:00,Xiaomi_EC10,88:C3:97:04:EC:11,-17, WPA2 ,0.000000,0.000000,0.000,0.000,AP
2023-12-04 16:55:41,1900-01-00 00:00:00,Xiaomi_EC10,88:C3:97:04:EC:11,-76, WPA2 ,0.000000,0.000000,0.000,0.000,AP
2023-12-04 16:55:41,1900-01-00 00:00:00,Xiaomi_EC10,88:C3:97:04:EC:11,-76, WPA2 ,0.000000,0.000000,0.000,0.000,AP
2023-12-04 16:55:41,1900-01-00 00:00:00,Xiaomi_EC10,88:C3:97:04:EC:11,-76, WPA2 ,0.000000,0.000000,0.000,0.000,AP
2023-12-04 16:55:41,1900-01-00 00:00:00,Xiaomi_EC10,88:C3:97:04:EC:11,-76, WPA2 ,0.000000,0.000000,0.000,0.000,AP
2023-12-04 16:55:41,1900-01-00 00:00:00,Xiaomi_EC10,88:C3:97:04:EC:11,-76, WPA2 ,0.000000,0.000000,0.000,0.000,AP
2023-12-04 16:55:41,1900-01-00 00:00:00,Xiaomi_EC10,88:C3:97:04:EC:11,-76, WPA2 ,0.000000,0.000000,0.000,0.000,AP
2023-12-04 16:55:41,1900-01-00 00:00:00,Xiaomi_EC10,88:C3:97:04:EC:11,-76, WPA2 ,0.000000,0.000000,0.000,0.000,AP
2023-12-04 16:55:41,1900-01-00 00:00:00,Xiaomi_EC10,88:C3:97:04:EC:11,-76, WPA2 ,0.000000,0.000000,0.000,0.000,AP
2023-12-04 16:55:41,1900-01-00 00:00:00,Xiaomi_EC10,88:C3:97:04:EC:11,-76, WPA2 ,0.000000,0.000000,0.000,0.000,AP
2023-12-04 16:55:41,1900-01-00 00:00:00,Xiaomi_EC10,88:C3:97:04:EC:11,-76, WPA2 ,0.000000,0.000000,0.000,0.000,AP
2023-12-04 16:55:41,1900-01-00 00:00:00,Xiaomi_EC10,88:C3:97:04:EC:11,-17, WPA2 ,0.000000,0.000000,0.000,0.000,AP
2023-12-04 16:55:41,1900-01-00 00:00:00,Xiaomi_EC10,88:C3:97:04:EC:11,-17, WPA2 ,0.000000,0.000000,0.000,0.000,AP
2023-12-04 16:55:41,1900-01-00 00:00:00,Xiaomi_EC10,88:C3:97:04:EC:11,-17, WPA2 ,0.000000,0.000000,0.000,0.000,AP
2023-12-04 16:55:41,1900-01-00 00:00:00,Xiaomi_EC10,88:C3:97:04:EC:11,-17, WPA2 ,0.000000,0.000000,0.000,0.000,AP
2023-12-04 16:55:41,1900-01-00 00:00:00,Xiaomi_EC10,88:C3:97:04:EC:11,-17, WPA2 ,0.000000,0.000000,0.000,0.000,AP
2023-12-04 16:55:41,1900-01-00 00:00:00,Xiaomi_EC10,88:C3:97:04:EC:11,-17, WPA2 ,0.000000,0.000000,0.000,0.000,AP
2023-12-04 16:55:41,1900-01-00 00:00:00,Xiaomi_EC10,88:C3:97:04:EC:11,-17, WPA2 ,0.000000,0.000000,0.000,0.000,AP
2023-12-04 16:55:41,1900-01-00 00:00:00,Xiaomi_EC10,88:C3:97:04:EC:11,-17, WPA2 ,0.000000,0.000000,0.000,0.000,AP
2023-12-04 16:55:41,1900-01-00 00:00:00,Xiaomi_EC10,88:C3:97:04:EC:11,-17, WPA2 ,0.000000,0.000000,0.000,0.000,AP
2023-12-04 16:55:41,1900-01-00 00:00:00,Xiaomi_EC10,88:C3:97:04:EC:11,-17, WPA2 ,0.000000,0.000000,0.000,0.000,AP
2023-12-04 16:55:41,1900-01-00 00:00:00,Xiaomi_EC10,88:C3:97:04:EC:11,-17, WPA2 ,0.000000,0.000000,0.000,0.000,AP
2023-12-04 16:55:41,1900-01-00 00:00:00,Xiaomi_EC10,88:C3:97:04:EC:11,-17, WPA2 ,0.000000,0.000000,0.000,0.000,AP
2023-12-04 16:55:41,1900-01-00 00:00:00,Xiaomi_EC10,88:C3:97:04:EC:11,-17, WPA2 ,0.000000,0.000000,0.000,0.000,AP
2023-12-04 16:55:41,1900-01-00 00:00:00,Xiaomi_EC10,88:C3:97:04:EC:11,-17, WPA2 ,0.000000,0.000000,0.000,0.000,AP
2023-12-04 16:55:41,1900-01-00 00:00:00,Xiaomi_EC10,88:C3:97:04:EC:11,-17, WPA2 ,0.000000,0.000000,0.000,0.000,AP
2023-12-04 16:55:41,1900-01-00 00:00:00,Xiaomi_EC10,88:C3:97:04:EC:11,-17, WPA2 ,0.000000,0.000000,0.000,0.000,AP
2023-12-04 16:55:41,1900-01-00 00:00:00,Xiaomi_EC10,88:C3:97:04:EC:11,-17, WPA2 ,0.000000,0.000000,0.000,0.000,AP
2023-12-04 16:55:41,1900-01-00 00:00:00,Xiaomi_EC10,88:C3:97:04:EC:11,-17, WPA2 ,0.000000,0.000000,0.000,0.000,AP
2023-12-04 16:55:41,1900-01-00 00:00:00,Xiaomi_EC10,88:C3:97:04:EC:11,-17, WPA2 ,0.000000,0.000000,0.000,0.000,AP
2023-12-04 16:55:41,1900-01-00 00:00:00,Xiaomi_EC10,88:C3:97:04:EC:11,-17, WPA2 ,0.000000,0.000000,0.000,0.000,AP
2023-12-04 16:55:41,1900-01-00 00:00:00,Xiaomi_EC10,88:C3:97:04:EC:11,-17, WPA2 ,0.000000,0.000000,0.000,0.000,AP
2023-12-04 16:55:41,1900-01-00 00:00:00,Xiaomi_EC10,88:C3:97:04:EC:11,-17, WPA2 ,0.000000,0.000000,0.000,0.000,AP
2023-12-04 16:55:41,1900-01-00 00:00:00,Xiaomi_EC10,88:C3:97:04:EC:11,-17, WPA2 ,0.000000,0.000000,0.000,0.000,AP
2023-12-04 16:55:41,1900-01-00 00:00:00,Xiaomi_EC10,88:C3:97:04:EC:11,-17, WPA2 ,0.000000,0.000000,0.000,0.000,AP
2023-12-04 16:55:41,1900-01-00 00:00:00,Xiaomi_EC10,88:C3:97:04:EC:11,-17, WPA2 ,0.000000,0.000000,0.000,0.000,AP
2023-12-04 16:55:41,1900-01-00 00:00:00,Xiaomi_EC10,88:C3:97:04:EC:11,-17, WPA2 ,0.000000,0.000000,0.000,0.000,AP
2023-12-04 16:55:41,1900-01-00 00:00:00,Xiaomi_EC10,88:C3:97:04:EC:11,-17, WPA2 ,0.000000,0.000000,0.000,0.000,AP
2023-12-04 16:55:41,1900-01-00 00:00:00,Xiaomi_EC10,88:C3:97:04:EC:11,-17, WPA2 ,0.000000,0.000000,0.000,0.000,AP
2023-12-04 16:55:41,1900-01-00 00:00:00,Xiaomi_EC10,88:C3:97:04:EC:11,-17, WPA2 ,0.000000,0.000000,0.000,0.000,AP
2023-12-04 16:55:41,1900-01-00 00:00:00,Xiaomi_EC10,88:C3:97:04:EC:11,-17, WPA2 ,0.000000,0.000000,0.000,0.000,AP
2023-12-04 16:55:41,1900-01-00 00:00:00,Xiaomi_EC10,88:C3:97:04:EC:11,-17, WPA2 ,0.000000,0.000000,0.000,0.000,AP
2023-12-04 16:55:41,1900-01-00 00:00:00,Xiaomi_EC10,88:C3:97:04:EC:11,-17, WPA2 ,0.000000,0.000000,0.000,0.000,AP
2023-12-04 16:55:41,1900-01-00 00:00:00,Xiaomi_EC10,88:C3:97:04:EC:11,-17, WPA2 ,0.000000,0.000000,0.000,0.000,AP
2023-12-04 16:55:41,1900-01-00 00:00:00,Xiaomi_EC10,88:C3:97:04:EC:11,-17, WPA2 ,0.000000,0.000000,0.000,0.000,AP
2023-12-04 16:55:41,1900-01-00 00:00:00,Xiaomi_EC10,88:C3:97:04:EC:11,-17, WPA2 ,0.000000,0.000000,0.000,0.000,AP
2023-12-04 16:55:41,1900-01-00 00:00:00,Xiaomi_EC10,88:C3:97:04:EC:11,-17, WPA2 ,0.000000,0.000000,0.000,0.000,AP
2023-12-04 16:55:41,1900-01-00 00:00:00,Xiaomi_EC10,88:C3:97:04:EC:11,-17, WPA2 ,0.000000,0.000000,0.000,0.000,AP
2023-12-04 16:55:41,1900-01-00 00:00:00,Xiaomi_EC10,88:C3:97:04:EC:11,-17, WPA2 ,0.000000,0.000000,0.000,0.000,AP
2023-12-04 16:55:41,1900-01-00 00:00:00,Xiaomi_EC10,88:C3:97:04:EC:11,-17, WPA2 ,0.000000,0.000000,0.000,0.000,AP
2023-12-04 16:55:41,1900-01-00 00:00:00,Xiaomi_EC10,88:C3:97:04:EC:11,-17, WPA2 ,0.000000,0.000000,0.000,0.000,AP
2023-12-04 16:55:41,1900-01-00 00:00:00,Xiaomi_EC10,88:C3:97:04:EC:11,-17, WPA2 ,0.000000,0.000000,0.000,0.000,AP
2023-12-04 16:55:41,1900-01-00 00:00:00,Xiaomi_EC10,88:C3:97:04:EC:11,-17, WPA2 ,0.000000,0.000000,0.000,0.000,AP
2023-12-04 16:55:41,1900-01-00 00:00:00,Xiaomi_EC10,88:C3:97:04:EC:11,-17, WPA2 ,0.000000,0.000000,0.000,0.000,AP
2023-12-04 16:55:41,1900-01-00 00:00:00,Xiaomi_EC10,88:C3:97:04:EC:11,-17, WPA2 ,0.000000,0.000000,0.000,0.000,AP
2023-12-04 16:55:41,1900-01-00 00:00:00,Xiaomi_EC10,88:C3:97:04:EC:11,-17, WPA2 ,0.000000,0.000000,0.000,0.000,AP
2023-12-04 16:55:41,1900-01-00 00:00:00,Xiaomi_EC10,88:C3:97:04:EC:11,-17, WPA2 ,0.000000,0.000000,0.000,0.000,AP
2023-12-04 16:55:41,1900-01-00 00:00:00,Xiaomi_EC10,88:C3:97:04:EC:11,-17, WPA2 ,0.000000,0.000000,0.000,0.000,AP
2023-12-04 16:55:41,1900-01-00 00:00:00,Xiaomi_EC10,88:C3:97:04:EC:11,-17, WPA2 ,0.000000,0.000000,0.000,0.000,AP
2023-12-04 16:55:41,1900-01-00 00:00:00,Xiaomi_EC10,88:C3:97:04:EC:11,-17, WPA2 ,0.000000,0.000000,0.000,0.000,AP
2023-12-04 16:55:41,1900-01-00 00:00:00,Xiaomi_EC10,88:C3:97:04:EC:11,-17, WPA2 ,0.000000,0.000000,0.000,0.000,AP
2023-12-04 16:55:41,1900-01-00 00:00:00,Xiaomi_EC10,88:C3:97:04:EC:11,-17, WPA2 ,0.000000,0.000000,0.000,0.000,AP
2023-12-04 16:55:41,1900-01-00 00:00:00,Xiaomi_EC10,88:C3:97:04:EC:11,-17, WPA2 ,0.000000,0.000000,0.000,0.000,AP
2023-12-04 16:55:41,1900-01-00 00:00:00,Xiaomi_EC10,88:C3:97:04:EC:11,-17, WPA2 ,0.000000,0.000000,0.000,0.000,AP
2023-12-04 16:55:41,1900-01-00 00:00:00,Xiaomi_EC10,88:C3:97:04:EC:11,-17, WPA2 ,0.000000,0.000000,0.000,0.000,AP
2023-12-04 16:55:41,1900-01-00 00:00:00,Xiaomi_EC10,88:C3:97:04:EC:11,-17, WPA2 ,0.000000,0.000000,0.000,0.000,AP
2023-12-04 16:55:41,1900-01-00 00:00:00,Xiaomi_EC10,88:C3:97:04:EC:11,-17, WPA2 ,0.000000,0.000000,0.000,0.000,AP
2023-12-04 16:55:41,1900-01-00 00:00:00,Xiaomi_EC10,88:C3:97:04:EC:11,-17, WPA2 ,0.000000,0.000000,0.000,0.000,AP
2023-12-04 16:55:41,1900-01-00 00:00:00,Xiaomi_EC10,88:C3:97:04:EC:11,-17, WPA2 ,0.000000,0.000000,0.000,0.000,AP
2023-12-04 16:55:41,1900-01-00 00:00:00,Xiaomi_EC10,88:C3:97:04:EC:11,-17, WPA2 ,0.000000,0.000000,0.000,0.000,AP
2023-12-04 16:55:41,1900-01-00 00:00:00,Xiaomi_EC10,88:C3:97:04:EC:11,-17, WPA2 ,0.000000,0.000000,0.000,0.000,AP
2023-12-04 16:55:41,1900-01-00 00:00:00,Xiaomi_EC10,88:C3:97:04:EC:11,-17, WPA2 ,0.000000,0.000000,0.000,0.000,AP
2023-12-04 16:55:41,1900-01-00 00:00:00,Xiaomi_EC10,88:C3:97:04:EC:11,-17, WPA2 ,0.000000,0.000000,0.000,0.000,AP
2023-12-04 16:55:41,1900-01-00 00:00:00,Xiaomi_EC10,88:C3:97:04:EC:11,-17, WPA2 ,0.000000,0.000000,0.000,0.000,AP
2023-12-04 16:55:41,1900-01-00 00:00:00,Xiaomi_EC10,88:C3:97:04:EC:11,-17, WPA2 ,0.000000,0.000000,0.000,0.000,AP
2023-12-04 16:55:41,1900-01-00 00:00:00,Xiaomi_EC10,88:C3:97:04:EC:11,-17, WPA2 ,0.000000,0.000000,0.000,0.000,AP
2023-12-04 16:55:41,1900-01-00 00:00:00,Xiaomi_EC10,88:C3:97:04:EC:11,-17, WPA2 ,0.000000,0.000000,0.000,0.000,AP
2023-12-04 16:55:41,1900-01-00 00:00:00,Xiaomi_EC10,88:C3:97:04:EC:11,-17, WPA2 ,0.000000,0.000000,0.000,0.000,AP
2023-12-04 16:55:41,1900-01-00 00:00:00,Xiaomi_EC10,88:C3:97:04:EC:11,-17, WPA2 ,0.000000,0.000000,0.000,0.000,AP
2023-12-04 16:55:41,1900-01-00 00:00:00,Xiaomi_EC10,88:C3:97:04:EC:11,-17, WPA2 ,0.000000,0.000000,0.000,0.000,AP
2023-12-04 16:55:41,1900-01-00 00:00:00,Xiaomi_EC10,88:C3:97:04:EC:11,-17, WPA2 ,0.000000,0.000000,0.000,0.000,AP
2023-12-04 16:55:41,1900-01-00 00:00:00,Xiaomi_EC10,88:C3:97:04:EC:11,-17, WPA2 ,0.000000,0.000000,0.000,0.000,AP
2023-12-04 16:55:41,1900-01-00 00:00:00,Xiaomi_EC10,88:C3:97:04:EC:11,-17, WPA2 ,0.000000,0.000000,0.000,0.000,AP
2023-12-04 16:55:41,1900-01-00 00:00:00,Xiaomi_EC10,88:C3:97:04:EC:11,-17, WPA2 ,0.000000,0.000000,0.000,0.000,AP
2023-12-04 16:55:41,1900-01-00 00:00:00,Xiaomi_EC10,88:C3:97:04:EC:11,-17, WPA2 ,0.000000,0.000000,0.000,0.000,AP
2023-12-04 16:55:41,1900-01-00 00:00:00,Xiaomi_EC10,88:C3:97:04:EC:11,-17, WPA2 ,0.000000,0.000000,0.000,0.000,AP
2023-12-04 16:55:41,1900-01-00 00:00:00,Xiaomi_EC10,88:C3:97:04:EC:11,-17, WPA2 ,0.000000,0.000000,0.000,0.000,AP
2023-12-04 16:55:41,1900-01-00 00:00:00,Xiaomi_EC10,88:C3:97:04:EC:11,-39, WPA2 ,0.000000,0.000000,0.000,0.000,AP
2023-12-04 16:55:41,1900-01-00 00:00:00,Xiaomi_EC10,88:C3:97:04:EC:11,-39, WPA2 ,0.000000,0.000000,0.000,0.000,AP
2023-12-04 16:55:41,1900-01-00 00:00:00,Xiaomi_EC10,88:C3:97:04:EC:11,-39, WPA2 ,0.000000,0.000000,0.000,0.000,AP
2023-12-04 16:55:41,1900-01-00 00:00:00,Xiaomi_EC10,88:C3:97:04:EC:11,-39, WPA2 ,0.000000,0.000000,0.000,0.000,AP
2023-12-04 16:55:41,1900-01-00 00:00:00,Xiaomi_EC10,88:C3:97:04:EC:11,-39, WPA2 ,0.000000,0.000000,0.000,0.000,AP
2023-12-04 16:55:41,1900-01-00 00:00:00,Xiaomi_EC10,88:C3:97:04:EC:11,-39, WPA2 ,0.000000,0.000000,0.000,0.000,AP
2023-12-04 16:55:41,1900-01-00 00:00:00,Xiaomi_EC10,88:C3:97:04:EC:11,-39, WPA2 ,0.000000,0.000000,0.000,0.000,AP
2023-12-04 16:55:41,1900-01-00 00:00:00,Xiaomi_EC10,88:C3:97:04:EC:11,-39, WPA2 ,0.000000,0.000000,0.000,0.000,AP
2023-12-04 16:55:41,1900-01-00 00:00:00,Xiaomi_EC10,88:C3:97:04:EC:11,-77, WPA2 ,0.000000,0.000000,0.000,0.000,AP
2023-12-04 16:55:41,1900-01-00 00:00:00,Xiaomi_EC10,88:C3:97:04:EC:11,-77, WPA2 ,0.000000,0.000000,0.000,0.000,AP
2023-12-04 16:55:41,1900-01-00 00:00:00,Xiaomi_EC10,88:C3:97:04:EC:11,-77, WPA2 ,0.000000,0.000000,0.000,0.000,AP
2023-12-04 16:55:41,1900-01-00 00:00:00,Xiaomi_EC10,88:C3:97:04:EC:11,-77, WPA2 ,0.000000,0.000000,0.000,0.000,AP
2023-12-04 16:55:41,1900-01-00 00:00:00,Xiaomi_EC10,88:C3:97:04:EC:11,-77, WPA2 ,0.000000,0.000000,0.000,0.000,AP
2023-12-04 16:55:41,1900-01-00 00:00:00,Xiaomi_EC10,88:C3:97:04:EC:11,-77, WPA2 ,0.000000,0.000000,0.000,0.000,AP
2023-12-04 16:55:41,1900-01-00 00:00:00,Xiaomi_EC10,88:C3:97:04:EC:11,-77, WPA2 ,0.000000,0.000000,0.000,0.000,AP
2023-12-04 16:55:41,1900-01-00 00:00:00,Xiaomi_EC10,88:C3:97:04:EC:11,-77, WPA2 ,0.000000,0.000000,0.000,0.000,AP
2023-12-04 16:55:41,1900-01-00 00:00:00,Xiaomi_EC10,88:C3:97:04:EC:11,-17, WPA2 ,0.000000,0.000000,0.000,0.000,AP
2023-12-04 16:55:41,1900-01-00 00:00:00,Xiaomi_EC10,88:C3:97:04:EC:11,-17, WPA2 ,0.000000,0.000000,0.000,0.000,AP
2023-12-04 16:55:41,1900-01-00 00:00:00,Xiaomi_EC10,88:C3:97:04:EC:11,-17, WPA2 ,0.000000,0.000000,0.000,0.000,AP
2023-12-04 16:55:41,1900-01-00 00:00:00,Xiaomi_EC10,88:C3:97:04:EC:11,-17, WPA2 ,0.000000,0.000000,0.000,0.000,AP
2023-12-04 16:55:41,1900-01-00 00:00:00,Xiaomi_EC10,88:C3:97:04:EC:11,-17, WPA2 ,0.000000,0.000000,0.000,0.000,AP
2023-12-04 16:55:41,1900-01-00 00:00:00,Xiaomi_EC10,88:C3:97:04:EC:11,-17, WPA2 ,0.000000,0.000000,0.000,0.000,AP
2023-12-04 16:55:41,1900-01-00 00:00:00,Xiaomi_EC10,88:C3:97:04:EC:11,-17, WPA2 ,0.000000,0.000000,0.000,0.000,AP
2023-12-04 16:55:41,1900-01-00 00:00:00,Xiaomi_EC10,88:C3:97:04:EC:11,-17, WPA2 ,0.000000,0.000000,0.000,0.000,AP
2023-12-04 16:55:41,1900-01-00 00:00:00,Xiaomi_EC10,88:C3:97:04:EC:11,-17, WPA2 ,0.000000,0.000000,0.000,0.000,AP
2023-12-04 16:55:41,1900-01-00 00:00:00,Xiaomi_EC10,88:C3:97:04:EC:11,-17, WPA2 ,0.000000,0.000000,0.000,0.000,AP
2023-12-04 16:55:41,1900-01-00 00:00:00,Xiaomi_EC10,88:C3:97:04:EC:11,-17, WPA2 ,0.000000,0.000000,0.000,0.000,AP
2023-12-04 16:55:41,1900-01-00 00:00:00,Xiaomi_EC10,88:C3:97:04:EC:11,-17, WPA2 ,0.000000,0.000000,0.000,0.000,AP
2023-12-04 16:55:41,1900-01-00 00:00:00,Xiaomi_EC10,88:C3:97:04:EC:11,-17, WPA2 ,0.000000,0.000000,0.000,0.000,AP
2023-12-04 16:55:41,1900-01-00 00:00:00,Xiaomi_EC10,88:C3:97:04:EC:11,-17, WPA2 ,0.000000,0.000000,0.000,0.000,AP
2023-12-04 16:55:41,1900-01-00 00:00:00,Xiaomi_EC10,88:C3:97:04:EC:11,-17, WPA2 ,0.000000,0.000000,0.000,0.000,AP
2023-12-04 16:55:41,1900-01-00 00:00:00,Xiaomi_EC10,88:C3:97:04:EC:11,-17, WPA2 ,0.000000,0.000000,0.000,0.000,AP
2023-12-04 16:55:41,1900-01-00 00:00:00,Xiaomi_EC10,88:C3:97:04:EC:11,-17, WPA2 ,0.000000,0.000000,0.000,0.000,AP
2023-12-04 16:55:41,1900-01-00 00:00:00,Xiaomi_EC10,88:C3:97:04:EC:11,-17, WPA2 ,0.000000,0.000000,0.000,0.000,AP
2023-12-04 16:55:41,1900-01-00 00:00:00,Xiaomi_EC10,88:C3:97:04:EC:11,-17, WPA2 ,0.000000,0.000000,0.000,0.000,AP
2023-12-04 16:55:41,1900-01-00 00:00:00,Xiaomi_EC10,88:C3:97:04:EC:11,-17, WPA2 ,0.000000,0.000000,0.000,0.000,AP
2023-12-04 16:55:41,1900-01-00 00:00:00,Xiaomi_EC10,88:C3:97:04:EC:11,-17, WPA2 ,0.000000,0.000000,0.000,0.000,AP
2023-12-04 16:55:41,1900-01-00 00:00:00,Xiaomi_EC10,88:C3:97:04:EC:11,-17, WPA2 ,0.000000,0.000000,0.000,0.000,AP
2023-12-04 16:55:41,1900-01-00 00:00:00,Xiaomi_EC10,88:C3:97:04:EC:11,-52, WPA2 ,0.000000,0.000000,0.000,0.000,AP
2023-12-04 16:55:41,1900-01-00 00:00:00,Xiaomi_EC10,88:C3:97:04:EC:11,-52, WPA2 ,0.000000,0.000000,0.000,0.000,AP
2023-12-04 16:55:41,1900-01-00 00:00:00,Xiaomi_EC10,88:C3:97:04:EC:11,-52, WPA2 ,0.000000,0.000000,0.000,0.000,AP
2023-12-04 16:55:41,1900-01-00 00:00:00,Xiaomi_EC10,88:C3:97:04:EC:11,-52, WPA2 ,0.000000,0.000000,0.000,0.000,AP
2023-12-04 16:55:41,1900-01-00 00:00:00,Xiaomi_EC10,88:C3:97:04:EC:11,-52, WPA2 ,0.000000,0.000000,0.000,0.000,AP
2023-12-04 16:55:41,1900-01-00 00:00:00,Xiaomi_EC10,88:C3:97:04:EC:11,-52, WPA2 ,0.000000,0.000000,0.000,0.000,AP
2023-12-04 16:55:41,1900-01-00 00:00:00,Xiaomi_EC10,88:C3:97:04:EC:11,-52, WPA2 ,0.000000,0.000000,0.000,0.000,AP
2023-12-04 16:55:41,1900-01-00 00:00:00,Xiaomi_EC10,88:C3:97:04:EC:11,-52, WPA2 ,0.000000,0.000000,0.000,0.000,AP
2023-12-04 16:55:41,1900-01-00 00:00:00,Xiaomi_EC10,88:C3:97:04:EC:11,-52, WPA2 ,0.000000,0.000000,0.000,0.000,AP
2023-12-04 16:55:41,1900-01-00 00:00:00,Xiaomi_EC10,88:C3:97:04:EC:11,-52, WPA2 ,0.000000,0.000000,0.000,0.000,AP
2023-12-04 16:55:41,1900-01-00 00:00:00,Xiaomi_EC10,88:C3:97:04:EC:11,-52, WPA2 ,0.000000,0.000000,0.000,0.000,AP
2023-12-04 16:55:41,1900-01-00 00:00:00,Xiaomi_EC10,88:C3:97:04:EC:11,-52, WPA2 ,0.000000,0.000000,0.000,0.000,AP
2023-12-04 16:55:41,1900-01-00 00:00:00,Xiaomi_EC10,88:C3:97:04:EC:11,-52, WPA2 ,0.000000,0.000000,0.000,0.000,AP
2023-12-04 16:55:41,1900-01-00 00:00:00,Xiaomi_EC10,88:C3:97:04:EC:11,-52, WPA2 ,0.000000,0.000000,0.000,0.000,AP
2023-12-04 16:55:41,1900-01-00 00:00:00,Xiaomi_EC10,88:C3:97:04:EC:11,-52, WPA2 ,0.000000,0.000000,0.000,0.000,AP
2023-12-04 16:55:41,1900-01-00 00:00:00,Xiaomi_EC10,88:C3:97:04:EC:11,-52, WPA2 ,0.000000,0.000000,0.000,0.000,AP
2023-12-04 16:55:41,1900-01-00 00:00:00,Xiaomi_EC10,88:C3:97:04:EC:11,-52, WPA2 ,0.000000,0.000000,0.000,0.000,AP
2023-12-04 16:55:41,1900-01-00 00:00:00,Xiaomi_EC10,88:C3:97:04:EC:11,-52, WPA2 ,0.000000,0.000000,0.000,0.000,AP
2023-12-04 16:55:41,1900-01-00 00:00:00,Xiaomi_EC10,88:C3:97:04:EC:11,-52, WPA2 ,0.000000,0.000000,0.000,0.000,AP
2023-12-04 16:55:41,1900-01-00 00:00:00,Xiaomi_EC10,88:C3:97:04:EC:11,-52, WPA2 ,0.000000,0.000000,0.000,0.000,AP
2023-12-04 16:55:41,1900-01-00 00:00:00,Xiaomi_EC10,88:C3:97:04:EC:11,-52, WPA2 ,0.000000,0.000000,0.000,0.000,AP
2023-12-04 16:55:41,1900-01-00 00:00:00,Xiaomi_EC10,88:C3:97:04:EC:11,-52, WPA2 ,0.000000,0.000000,0.000,0.000,AP
2023-12-04 16:55:41,1900-01-00 00:00:00,Xiaomi_EC10,88:C3:97:04:EC:11,-52, WPA2 ,0.000000,0.000000,0.000,0.000,AP
2023-12-04 16:55:41,1900-01-00 00:00:00,Xiaomi_EC10,88:C3:97:04:EC:11,-52, WPA2 ,0.000000,0.000000,0.000,0.000,AP
2023-12-04 16:55:41,1900-01-00 00:00:00,Xiaomi_EC10,88:C3:97:04:EC:11,-52, WPA2 ,0.000000,0.000000,0.000,0.000,AP
2023-12-04 16:55:41,1900-01-00 00:00:00,Xiaomi_EC10,88:C3:97:04:EC:11,-52, WPA2 ,0.000000,0.000000,0.000,0.000,AP
2023-12-04 16:55:41,1900-01-00 00:00:00,Xiaomi_EC10,88:C3:97:04:EC:11,-52, WPA2 ,0.000000,0.000000,0.000,0.000,AP
2023-12-04 16:55:41,1900-01-00 00:00:00,Xiaomi_EC10,88:C3:97:04:EC:11,-52, WPA2 ,0.000000,0.000000,0.000,0.000,AP
2023-12-04 16:55:41,1900-01-00 00:00:00,Xiaomi_EC10,88:C3:97:04:EC:11,-52, WPA2 ,0.000000,0.000000,0.000,0.000,AP
2023-12-04 16:55:41,1900-01-00 00:00:00,Xiaomi_EC10,88:C3:97:04:EC:11,-52, WPA2 ,0.000000,0.000000,0.000,0.000,AP
2023-12-04 16:55:41,1900-01-00 00:00:00,Xiaomi_EC10,88:C3:97:04:EC:11,-52, WPA2 ,0.000000,0.000000,0.000,0.000,AP
2023-12-04 16:55:41,1900-01-00 00:00:00,Xiaomi_EC10,88:C3:97:04:EC:11,-52, WPA2 ,0.000000,0.000000,0.000,0.000,AP
2023-12-04 16:55:41,1900-01-00 00:00:00,Xiaomi_EC10,88:C3:97:04:EC:11,-52, WPA2 ,0.000000,0.000000,0.000,0.000,AP
2023-12-04 16:55:41,1900-01-00 00:00:00,Xiaomi_EC10,88:C3:97:04:EC:11,-52, WPA2 ,0.000000,0.000000,0.000,0.000,AP
2023-12-04 16:55:41,1900-01-00 00:00:00,Xiaomi_EC10,88:C3:97:04:EC:11,-52, WPA2 ,0.000000,0.000000,0.000,0.000,AP
2023-12-04 16:55:41,1900-01-00 00:00:00,Xiaomi_EC10,88:C3:97:04:EC:11,-52, WPA2 ,0.000000,0.000000,0.000,0.000,AP
2023-12-04 16:55:41,1900-01-00 00:00:00,Xiaomi_EC10,88:C3:97:04:EC:11,-52, WPA2 ,0.000000,0.000000,0.000,0.000,AP
2023-12-04 16:55:41,1900-01-00 00:00:00,Xiaomi_EC10,88:C3:97:04:EC:11,-52, WPA2 ,0.000000,0.000000,0.000,0.000,AP
2023-12-04 16:55:41,1900-01-00 00:00:00,Xiaomi_EC10,88:C3:97:04:EC:11,-52, WPA2 ,0.000000,0.000000,0.000,0.000,AP
2023-12-04 16:55:41,1900-01-00 00:00:00,Xiaomi_EC10,88:C3:97:04:EC:11,-52, WPA2 ,0.000000,0.000000,0.000,0.000,AP
2023-12-04 16:55:41,1900-01-00 00:00:00,Xiaomi_EC10,88:C3:97:04:EC:11,-52, WPA2 ,0.000000,0.000000,0.000,0.000,AP
2023-12-04 16:55:41,1900-01-00 00:00:00,Xiaomi_EC10,88:C3:97:04:EC:11,-52, WPA2 ,0.000000,0.000000,0.000,0.000,AP
2023-12-04 16:55:41,1900-01-00 00:00:00,Xiaomi_EC10,88:C3:97:04:EC:11,-52, WPA2 ,0.000000,0.000000,0.000,0.000,AP
2023-12-04 16:55:41,1900-01-00 00:00:00,Xiaomi_EC10,88:C3:97:04:EC:11,-52, WPA2 ,0.000000,0.000000,0.000,0.000,AP
2023-12-04 16:55:41,1900-01-00 00:00:00,Xiaomi_EC10,88:C3:97:04:EC:11,-52, WPA2 ,0.000000,0.000000,0.000,0.000,AP
2023-12-04 16:55:41,1900-01-00 00:00:00,Xiaomi_EC10,88:C3:97:04:EC:11,-52, WPA2 ,0.000000,0.000000,0.000,0.000,AP
2023-12-04 16:55:41,1900-01-00 00:00:00,Xiaomi_EC10,88:C3:97:04:EC:11,-52, WPA2 ,0.000000,0.000000,0.000,0.000,AP
2023-12-04 16:55:41,1900-01-00 00:00:00,Xiaomi_EC10,88:C3:97:04:EC:11,-52, WPA2 ,0.000000,0.000000,0.000,0.000,AP
2023-12-04 16:55:41,1900-01-00 00:00:00,Xiaomi_EC10,88:C3:97:04:EC:11,-52, WPA2 ,0.000000,0.000000,0.000,0.000,AP
2023-12-04 16:55:41,1900-01-00 00:00:00,Xiaomi_EC10,88:C3:97:04:EC:11,-52, WPA2 ,0.000000,0.000000,0.000,0.000,AP
2023-12-04 16:55:41,1900-01-00 00:00:00,Xiaomi_EC10,88:C3:97:04:EC:11,-52, WPA2 ,0.000000,0.000000,0.000,0.000,AP
2023-12-04 16:55:41,1900-01-00 00:00:00,Xiaomi_EC10,88:C3:97:04:EC:11,-52, WPA2 ,0.000000,0.000000,0.000,0.000,AP
2023-12-04 16:55:41,1900-01-00 00:00:00,Xiaomi_EC10,88:C3:97:04:EC:11,-52, WPA2 ,0.000000,0.000000,0.000,0.000,AP
2023-12-04 16:55:41,1900-01-00 00:00:00,Xiaomi_EC10,88:C3:97:04:EC:11,-52, WPA2 ,0.000000,0.000000,0.000,0.000,AP
2023-12-04 16:55:41,1900-01-00 00:00:00,Xiaomi_EC10,88:C3:97:04:EC:11,-52, WPA2 ,0.000000,0.000000,0.000,0.000,AP
2023-12-04 16:55:41,1900-01-00 00:00:00,Xiaomi_EC10,88:C3:97:04:EC:11,-52, WPA2 ,0.000000,0.000000,0.000,0.000,AP
2023-12-04 16:55:41,1900-01-00 00:00:00,Xiaomi_EC10,88:C3:97:04:EC:11,-52, WPA2 ,0.000000,0.000000,0.000,0.000,AP
2023-12-04 16:55:41,1900-01-00 00:00:00,Xiaomi_EC10,88:C3:97:04:EC:11,-52, WPA2 ,0.000000,0.000000,0.000,0.000,AP
2023-12-04 16:55:41,1900-01-00 00:00:00,Xiaomi_EC10,88:C3:97:04:EC:11,-52, WPA2 ,0.000000,0.000000,0.000,0.000,AP
2023-12-04 16:55:41,1900-01-00 00:00:00,Xiaomi_EC10,88:C3:97:04:EC:11,-52, WPA2 ,0.000000,0.000000,0.000,0.000,AP
2023-12-04 16:55:41,1900-01-00 00:00:00,Xiaomi_EC10,88:C3:97:04:EC:11,-52, WPA2 ,0.000000,0.000000,0.000,0.000,AP
2023-12-04 16:55:41,1900-01-00 00:00:00,Xiaomi_EC10,88:C3:97:04:EC:11,-52, WPA2 ,0.000000,0.000000,0.000,0.000,AP
2023-12-04 16:55:41,1900-01-00 00:00:00,Xiaomi_EC10,88:C3:97:04:EC:11,-52, WPA2 ,0.000000,0.000000,0.000,0.000,AP
2023-12-04 16:55:41,1900-01-00 00:00:00,Xiaomi_EC10,88:C3:97:04:EC:11,-52, WPA2 ,0.000000,0.000000,0.000,0.000,AP
2023-12-04 16:55:41,1900-01-00 00:00:00,Xiaomi_EC10,88:C3:97:04:EC:11,-52, WPA2 ,0.000000,0.000000,0.000,0.000,AP
2023-12-04 16:55:41,1900-01-00 00:00:00,Xiaomi_EC10,88:C3:97:04:EC:11,-52, WPA2 ,0.000000,0.000000,0.000,0.000,AP
2023-12-04 16:55:41,1900-01-00 00:00:00,Xiaomi_EC10,88:C3:97:04:EC:11,-77, WPA2 ,0.000000,0.000000,0.000,0.000,AP
2023-12-04 16:55:41,1900-01-00 00:00:00,Xiaomi_EC10,88:C3:97:04:EC:11,-77, WPA2 ,0.000000,0.000000,0.000,0.000,AP
2023-12-04 16:55:41,1900-01-00 00:00:00,Xiaomi_EC10,88:C3:97:04:EC:11,-77, WPA2 ,0.000000,0.000000,0.000,0.000,AP
2023-12-04 16:55:41,1900-01-00 00:00:00,Xiaomi_EC10,88:C3:97:04:EC:11,-77, WPA2 ,0.000000,0.000000,0.000,0.000,AP
2023-12-04 16:55:41,1900-01-00 00:00:00,Xiaomi_EC10,88:C3:97:04:EC:11,-77, WPA2 ,0.000000,0.000000,0.000,0.000,AP
2023-12-04 16:55:41,1900-01-00 00:00:00,Xiaomi_EC10,88:C3:97:04:EC:11,-77, WPA2 ,0.000000,0.000000,0.000,0.000,AP
2023-12-04 16:55:41,1900-01-00 00:00:00,Xiaomi_EC10,88:C3:97:04:EC:11,-77, WPA2 ,0.000000,0.000000,0.000,0.000,AP
2023-12-04 16:55:41,1900-01-00 00:00:00,Xiaomi_EC10,88:C3:97:04:EC:11,-77, WPA2 ,0.000000,0.000000,0.000,0.000,AP
2023-12-04 16:55:41,1900-01-00 00:00:00,Xiaomi_EC10,88:C3:97:04:EC:11,-77, WPA2 ,0.000000,0.000000,0.000,0.000,AP
2023-12-04 16:55:41,1900-01-00 00:00:00,Xiaomi_EC10,88:C3:97:04:EC:11,-77, WPA2 ,0.000000,0.000000,0.000,0.000,AP
2023-12-04 16:55:41,1900-01-00 00:00:00,Xiaomi_EC10,88:C3:97:04:EC:11,-16, WPA2 ,0.000000,0.000000,0.000,0.000,AP
2023-12-04 16:55:41,1900-01-00 00:00:00,Xiaomi_EC10,88:C3:97:04:EC:11,-16, WPA2 ,0.000000,0.000000,0.000,0.000,AP
2023-12-04 16:55:41,1900-01-00 00:00:00,Xiaomi_EC10,88:C3:97:04:EC:11,-16, WPA2 ,0.000000,0.000000,0.000,0.000,AP
2023-12-04 16:55:41,1900-01-00 00:00:00,Xiaomi_EC10,88:C3:97:04:EC:11,-16, WPA2 ,0.000000,0.000000,0.000,0.000,AP
2023-12-04 16:55:41,1900-01-00 00:00:00,Xiaomi_EC10,88:C3:97:04:EC:11,-16, WPA2 ,0.000000,0.000000,0.000,0.000,AP
2023-12-04 16:55:41,1900-01-00 00:00:00,Xiaomi_EC10,88:C3:97:04:EC:11,-16, WPA2 ,0.000000,0.000000,0.000,0.000,AP
2023-12-04 16:55:41,1900-01-00 00:00:00,Xiaomi_EC10,88:C3:97:04:EC:11,-16, WPA2 ,0.000000,0.000000,0.000,0.000,AP
2023-12-04 16:55:41,1900-01-00 00:00:00,Xiaomi_EC10,88:C3:97:04:EC:11,-16, WPA2 ,0.000000,0.000000,0.000,0.000,AP
2023-12-04 16:55:41,1900-01-00 00:00:00,Xiaomi_EC10,88:C3:97:04:EC:11,-16, WPA2 ,0.000000,0.000000,0.000,0.000,AP
2023-12-04 16:55:41,1900-01-00 00:00:00,Xiaomi_EC10,88:C3:97:04:EC:11,-16, WPA2 ,0.000000,0.000000,0.000,0.000,AP
2023-12-04 16:55:41,1900-01-00 00:00:00,Xiaomi_EC10,88:C3:97:04:EC:11,-16, WPA2 ,0.000000,0.000000,0.000,0.000,AP
2023-12-04 16:55:41,1900-01-00 00:00:00,Xiaomi_EC10,88:C3:97:04:EC:11,-16, WPA2 ,0.000000,0.000000,0.000,0.000,AP
2023-12-04 16:55:41,1900-01-00 00:00:00,Xiaomi_EC10,88:C3:97:04:EC:11,-16, WPA2 ,0.000000,0.000000,0.000,0.000,AP
2023-12-04 16:55:41,1900-01-00 00:00:00,Xiaomi_EC10,88:C3:97:04:EC:11,-16, WPA2 ,0.000000,0.000000,0.000,0.000,AP
2023-12-04 16:55:41,1900-01-00 00:00:00,Xiaomi_EC10,88:C3:97:04:EC:11,-16, WPA2 ,0.000000,0.000000,0.000,0.000,AP
2023-12-04 16:55:41,1900-01-00 00:00:00,Xiaomi_EC10,88:C3:97:04:EC:11,-16, WPA2 ,0.000000,0.000000,0.000,0.000,AP
2023-12-04 16:55:41,1900-01-00 00:00:00,Xiaomi_EC10,88:C3:97:04:EC:11,-16, WPA2 ,0.000000,0.000000,0.000,0.000,AP
2023-12-04 16:55:41,1900-01-00 00:00:00,Xiaomi_EC10,88:C3:97:04:EC:11,-16, WPA2 ,0.000000,0.000000,0.000,0.000,AP
2023-12-04 16:55:42,1900-01-00 00:00:00,Xiaomi_EC10,88:C3:97:04:EC:11,-17, WPA2 ,0.000000,0.000000,0.000,0.000,AP
2023-12-04 16:55:42,1900-01-00 00:00:00,Xiaomi_EC10,88:C3:97:04:EC:11,-17, WPA2 ,0.000000,0.000000,0.000,0.000,AP
2023-12-04 16:55:42,1900-01-00 00:00:00,Xiaomi_EC10,88:C3:97:04:EC:11,-17, WPA2 ,0.000000,0.000000,0.000,0.000,AP
2023-12-04 16:55:42,1900-01-00 00:00:00,Xiaomi_EC10,88:C3:97:04:EC:11,-16, WPA2 ,0.000000,0.000000,0.000,0.000,AP
2023-12-04 16:55:42,1900-01-00 00:00:00,Xiaomi_EC10,88:C3:97:04:EC:11,-16, WPA2 ,0.000000,0.000000,0.000,0.000,AP
2023-12-04 16:55:42,1900-01-00 00:00:00,Xiaomi_EC10,88:C3:97:04:EC:11,-17, WPA2 ,0.000000,0.000000,0.000,0.000,AP
2023-12-04 16:55:42,1900-01-00 00:00:00,Xiaomi_EC10,88:C3:97:04:EC:11,-16, WPA2 ,0.000000,0.000000,0.000,0.000,AP
2023-12-04 16:55:42,1900-01-00 00:00:00,Xiaomi_EC10,88:C3:97:04:EC:11,-16, WPA2 ,0.000000,0.000000,0.000,0.000,AP
2023-12-04 16:55:42,1900-01-00 00:00:00,Xiaomi_EC10,88:C3:97:04:EC:11,-15, WPA2 ,0.000000,0.000000,0.000,0.000,AP
2023-12-04 16:55:43,1900-01-00 00:00:00,Xiaomi_EC10,88:C3:97:04:EC:11,-16, WPA2 ,0.000000,0.000000,0.000,0.000,AP
2023-12-04 16:55:43,1900-01-00 00:00:00,Xiaomi_EC10,88:C3:97:04:EC:11,-17, WPA2 ,0.000000,0.000000,0.000,0.000,AP
2023-12-04 16:55:43,1900-01-00 00:00:00,Xiaomi_EC10,88:C3:97:04:EC:11,-17, WPA2 ,0.000000,0.000000,0.000,0.000,AP
2023-12-04 16:55:43,1900-01-00 00:00:00,Xiaomi_EC10,88:C3:97:04:EC:11,-17, WPA2 ,0.000000,0.000000,0.000,0.000,AP
2023-12-04 16:55:43,1900-01-00 00:00:00,Xiaomi_EC10,88:C3:97:04:EC:11,-17, WPA2 ,0.000000,0.000000,0.000,0.000,AP
2023-12-04 16:55:43,1900-01-00 00:00:00,Xiaomi_EC10,88:C3:97:04:EC:11,-17, WPA2 ,0.000000,0.000000,0.000,0.000,AP
2023-12-04 16:55:43,1900-01-00 00:00:00,Xiaomi_EC10,88:C3:97:04:EC:11,-17, WPA2 ,0.000000,0.000000,0.000,0.000,AP
2023-12-04 16:55:43,1900-01-00 00:00:00,Xiaomi_EC10,88:C3:97:04:EC:11,-18, WPA2 ,0.000000,0.000000,0.000,0.000,AP
2023-12-04 16:55:43,1900-01-00 00:00:00,Xiaomi_EC10,88:C3:97:04:EC:11,-16, WPA2 ,0.000000,0.000000,0.000,0.000,AP
2023-12-04 16:55:43,1900-01-00 00:00:00,Xiaomi_EC10,88:C3:97:04:EC:11,-24, WPA2 ,0.000000,0.000000,0.000,0.000,AP
2023-12-04 16:55:43,1900-01-00 00:00:00,Xiaomi_EC10,88:C3:97:04:EC:11,-16, WPA2 ,0.000000,0.000000,0.000,0.000,AP
2023-12-04 16:55:43,1900-01-00 00:00:00,Xiaomi_EC10,88:C3:97:04:EC:11,-16, WPA2 ,0.000000,0.000000,0.000,0.000,AP
2023-12-04 16:55:43,1900-01-00 00:00:00,Xiaomi_EC10,88:C3:97:04:EC:11,-16, WPA2 ,0.000000,0.000000,0.000,0.000,AP
2023-12-04 16:55:43,1900-01-00 00:00:00,Xiaomi_EC10,88:C3:97:04:EC:11,-17, WPA2 ,0.000000,0.000000,0.000,0.000,AP
2023-12-04 16:55:43,1900-01-00 00:00:00,Xiaomi_EC10,88:C3:97:04:EC:11,-15, WPA2 ,0.000000,0.000000,0.000,0.000,AP
2023-12-04 16:55:43,1900-01-00 00:00:00,Xiaomi_EC10,88:C3:97:04:EC:11,-15, WPA2 ,0.000000,0.000000,0.000,0.000,AP
2023-12-04 16:55:43,1900-01-00 00:00:00,Xiaomi_EC10,88:C3:97:04:EC:11,-15, WPA2 ,0.000000,0.000000,0.000,0.000,AP
2023-12-04 16:55:43,1900-01-00 00:00:00,Xiaomi_EC10,88:C3:97:04:EC:11,-16, WPA2 ,0.000000,0.000000,0.000,0.000,AP
2023-12-04 16:55:43,1900-01-00 00:00:00,Xiaomi_EC10,88:C3:97:04:EC:11,-16, WPA2 ,0.000000,0.000000,0.000,0.000,AP
2023-12-04 16:55:43,1900-01-00 00:00:00,Xiaomi_EC10,88:C3:97:04:EC:11,-16, WPA2 ,0.000000,0.000000,0.000,0.000,AP
2023-12-04 16:55:43,1900-01-00 00:00:00,Xiaomi_EC10,88:C3:97:04:EC:11,-16, WPA2 ,0.000000,0.000000,0.000,0.000,AP
2023-12-04 16:55:43,1900-01-00 00:00:00,Xiaomi_EC10,88:C3:97:04:EC:11,-16, WPA2 ,0.000000,0.000000,0.000,0.000,AP
2023-12-04 16:55:43,1900-01-00 00:00:00,Xiaomi_EC10,88:C3:97:04:EC:11,-17, WPA2 ,0.000000,0.000000,0.000,0.000,AP
2023-12-04 16:55:43,1900-01-00 00:00:00,Xiaomi_EC10,88:C3:97:04:EC:11,-16, WPA2 ,0.000000,0.000000,0.000,0.000,AP
2023-12-04 16:55:43,1900-01-00 00:00:00,Xiaomi_EC10,88:C3:97:04:EC:11,-17, WPA2 ,0.000000,0.000000,0.000,0.000,AP
2023-12-04 16:55:43,1900-01-00 00:00:00,Xiaomi_EC10,88:C3:97:04:EC:11,-16, WPA2 ,0.000000,0.000000,0.000,0.000,AP
2023-12-04 16:55:43,1900-01-00 00:00:00,Xiaomi_EC10,88:C3:97:04:EC:11,-16, WPA2 ,0.000000,0.000000,0.000,0.000,AP
2023-12-04 16:55:43,1900-01-00 00:00:00,Xiaomi_EC10,88:C3:97:04:EC:11,-16, WPA2 ,0.000000,0.000000,0.000,0.000,AP
2023-12-04 16:55:43,1900-01-00 00:00:00,Xiaomi_EC10,88:C3:97:04:EC:11,-16, WPA2 ,0.000000,0.000000,0.000,0.000,AP
2023-12-04 16:55:43,1900-01-00 00:00:00,Xiaomi_EC10,88:C3:97:04:EC:11,-16, WPA2 ,0.000000,0.000000,0.000,0.000,AP
2023-12-04 16:55:43,1900-01-00 00:00:00,Xiaomi_EC10,88:C3:97:04:EC:11,-17, WPA2 ,0.000000,0.000000,0.000,0.000,AP
2023-12-04 16:55:43,1900-01-00 00:00:00,Xiaomi_EC10,88:C3:97:04:EC:11,-17, WPA2 ,0.000000,0.000000,0.000,0.000,AP
2023-12-04 16:55:43,1900-01-00 00:00:00,Xiaomi_EC10,88:C3:97:04:EC:11,-17, WPA2 ,0.000000,0.000000,0.000,0.000,AP
2023-12-04 16:55:43,1900-01-00 00:00:00,Xiaomi_EC10,88:C3:97:04:EC:11,-16, WPA2 ,0.000000,0.000000,0.000,0.000,AP
2023-12-04 16:55:43,1900-01-00 00:00:00,Xiaomi_EC10,88:C3:97:04:EC:11,-17, WPA2 ,0.000000,0.000000,0.000,0.000,AP
2023-12-04 16:55:44,1900-01-00 00:00:00,Xiaomi_EC10,88:C3:97:04:EC:11,-15, WPA2 ,0.000000,0.000000,0.000,0.000,AP
2023-12-04 16:55:44,1900-01-00 00:00:00,Xiaomi_EC10,88:C3:97:04:EC:11,-17, WPA2 ,0.000000,0.000000,0.000,0.000,AP
2023-12-04 16:55:44,1900-01-00 00:00:00,Xiaomi_EC10,88:C3:97:04:EC:11,-15, WPA2 ,0.000000,0.000000,0.000,0.000,AP
2023-12-04 16:55:44,1900-01-00 00:00:00,Xiaomi_EC10,88:C3:97:04:EC:11,-16, WPA2 ,0.000000,0.000000,0.000,0.000,AP
2023-12-04 16:55:44,1900-01-00 00:00:00,Xiaomi_EC10,88:C3:97:04:EC:11,-14, WPA2 ,0.000000,0.000000,0.000,0.000,AP
2023-12-04 16:55:44,1900-01-00 00:00:00,Xiaomi_EC10,88:C3:97:04:EC:11,-16, WPA2 ,0.000000,0.000000,0.000,0.000,AP
2023-12-04 16:55:44,1900-01-00 00:00:00,Xiaomi_EC10,88:C3:97:04:EC:11,-15, WPA2 ,0.000000,0.000000,0.000,0.000,AP
2023-12-04 16:55:44,1900-01-00 00:00:00,Xiaomi_EC10,88:C3:97:04:EC:11,-14, WPA2 ,0.000000,0.000000,0.000,0.000,AP
2023-12-04 16:55:44,1900-01-00 00:00:00,Xiaomi_EC10,88:C3:97:04:EC:11,-15, WPA2 ,0.000000,0.000000,0.000,0.000,AP
2023-12-04 16:55:44,1900-01-00 00:00:00,Xiaomi_EC10,88:C3:97:04:EC:11,-16, WPA2 ,0.000000,0.000000,0.000,0.000,AP
2023-12-04 16:55:44,1900-01-00 00:00:00,Xiaomi_EC10,88:C3:97:04:EC:11,-15, WPA2 ,0.000000,0.000000,0.000,0.000,AP
2023-12-04 16:55:45,1900-01-00 00:00:00,Xiaomi_EC10,88:C3:97:04:EC:11,-15, WPA2 ,0.000000,0.000000,0.000,0.000,AP
2023-12-04 16:55:45,1900-01-00 00:00:00,Xiaomi_EC10,88:C3:97:04:EC:11,-16, WPA2 ,0.000000,0.000000,0.000,0.000,AP
2023-12-04 16:55:45,1900-01-00 00:00:00,Xiaomi_EC10,88:C3:97:04:EC:11,-16, WPA2 ,0.000000,0.000000,0.000,0.000,AP
2023-12-04 16:55:45,1900-01-00 00:00:00,Xiaomi_EC10,88:C3:97:04:EC:11,-15, WPA2 ,0.000000,0.000000,0.000,0.000,AP
2023-12-04 16:55:45,1900-01-00 00:00:00,Xiaomi_EC10,88:C3:97:04:EC:11,-14, WPA2 ,0.000000,0.000000,0.000,0.000,AP
2023-12-04 16:55:45,1900-01-00 00:00:00,Xiaomi_EC10,88:C3:97:04:EC:11,-14, WPA2 ,0.000000,0.000000,0.000,0.000,AP
2023-12-04 16:55:45,1900-01-00 00:00:00,Xiaomi_EC10,88:C3:97:04:EC:11,-14, WPA2 ,0.000000,0.000000,0.000,0.000,AP
2023-12-04 16:55:45,1900-01-00 00:00:00,Xiaomi_EC10,88:C3:97:04:EC:11,-14, WPA2 ,0.000000,0.000000,0.000,0.000,AP
2023-12-04 16:55:45,1900-01-00 00:00:00,Xiaomi_EC10,88:C3:97:04:EC:11,-15, WPA2 ,0.000000,0.000000,0.000,0.000,AP
2023-12-04 16:55:45,1900-01-00 00:00:00,Xiaomi_EC10,88:C3:97:04:EC:11,-15, WPA2 ,0.000000,0.000000,0.000,0.000,AP
2023-12-04 16:55:45,1900-01-00 00:00:00,Xiaomi_EC10,88:C3:97:04:EC:11,-16, WPA2 ,0.000000,0.000000,0.000,0.000,AP
2023-12-04 16:55:45,1900-01-00 00:00:00,Xiaomi_EC10,88:C3:97:04:EC:11,-16, WPA2 ,0.000000,0.000000,0.000,0.000,AP
2023-12-04 16:55:45,1900-01-00 00:00:00,Xiaomi_EC10,88:C3:97:04:EC:11,-16, WPA2 ,0.000000,0.000000,0.000,0.000,AP
2023-12-04 16:55:46,1900-01-00 00:00:00,Xiaomi_EC10,88:C3:97:04:EC:11,-17, WPA2 ,0.000000,0.000000,0.000,0.000,AP
2023-12-04 16:55:46,1900-01-00 00:00:00,Xiaomi_EC10,88:C3:97:04:EC:11,-17, WPA2 ,0.000000,0.000000,0.000,0.000,AP
2023-12-04 16:55:46,1900-01-00 00:00:00,Xiaomi_EC10,88:C3:97:04:EC:11,-17, WPA2 ,0.000000,0.000000,0.000,0.000,AP
2023-12-04 16:55:46,1900-01-00 00:00:00,Xiaomi_EC10,88:C3:97:04:EC:11,-16, WPA2 ,0.000000,0.000000,0.000,0.000,AP
2023-12-04 16:55:46,1900-01-00 00:00:00,Xiaomi_EC10,88:C3:97:04:EC:11,-16, WPA2 ,0.000000,0.000000,0.000,0.000,AP
2023-12-04 16:55:46,1900-01-00 00:00:00,Xiaomi_EC10,88:C3:97:04:EC:11,-16, WPA2 ,0.000000,0.000000,0.000,0.000,AP
2023-12-04 16:55:46,1900-01-00 00:00:00,Xiaomi_EC10,88:C3:97:04:EC:11,-17, WPA2 ,0.000000,0.000000,0.000,0.000,AP
2023-12-04 16:55:46,1900-01-00 00:00:00,Xiaomi_EC10,88:C3:97:04:EC:11,-17, WPA2 ,0.000000,0.000000,0.000,0.000,AP
2023-12-04 16:55:46,1900-01-00 00:00:00,Xiaomi_EC10,88:C3:97:04:EC:11,-16, WPA2 ,0.000000,0.000000,0.000,0.000,AP
2023-12-04 16:55:46,1900-01-00 00:00:00,Xiaomi_EC10,88:C3:97:04:EC:11,-16, WPA2 ,0.000000,0.000000,0.000,0.000,AP
2023-12-04 16:55:46,1900-01-00 00:00:00,Xiaomi_EC10,88:C3:97:04:EC:11,-17, WPA2 ,0.000000,0.000000,0.000,0.000,AP
2023-12-04 16:55:46,1900-01-00 00:00:00,Xiaomi_EC10,88:C3:97:04:EC:11,-17, WPA2 ,0.000000,0.000000,0.000,0.000,AP
2023-12-04 16:55:46,1900-01-00 00:00:00,Xiaomi_EC10,88:C3:97:04:EC:11,-16, WPA2 ,0.000000,0.000000,0.000,0.000,AP
2023-12-04 16:55:46,1900-01-00 00:00:00,Xiaomi_EC10,88:C3:97:04:EC:11,-16, WPA2 ,0.000000,0.000000,0.000,0.000,AP
2023-12-04 16:55:46,1900-01-00 00:00:00,Xiaomi_EC10,88:C3:97:04:EC:11,-17, WPA2 ,0.000000,0.000000,0.000,0.000,AP
2023-12-04 16:55:47,1900-01-00 00:00:00,Xiaomi_EC10,88:C3:97:04:EC:11,-17, WPA2 ,0.000000,0.000000,0.000,0.000,AP
2023-12-04 16:55:47,1900-01-00 00:00:00,Xiaomi_EC10,88:C3:97:04:EC:11,-17, WPA2 ,0.000000,0.000000,0.000,0.000,AP
2023-12-04 16:55:47,1900-01-00 00:00:00,Xiaomi_EC10,88:C3:97:04:EC:11,-17, WPA2 ,0.000000,0.000000,0.000,0.000,AP
2023-12-04 16:55:47,1900-01-00 00:00:00,Xiaomi_EC10,88:C3:97:04:EC:11,-17, WPA2 ,0.000000,0.000000,0.000,0.000,AP
2023-12-04 16:55:47,1900-01-00 00:00:00,Xiaomi_EC10,88:C3:97:04:EC:11,-17, WPA2 ,0.000000,0.000000,0.000,0.000,AP
2023-12-04 16:55:47,1900-01-00 00:00:00,Xiaomi_EC10,88:C3:97:04:EC:11,-17, WPA2 ,0.000000,0.000000,0.000,0.000,AP
2023-12-04 16:55:47,1900-01-00 00:00:00,Xiaomi_EC10,88:C3:97:04:EC:11,-17, WPA2 ,0.000000,0.000000,0.000,0.000,AP
2023-12-04 16:55:47,1900-01-00 00:00:00,Xiaomi_EC10,88:C3:97:04:EC:11,-17, WPA2 ,0.000000,0.000000,0.000,0.000,AP
2023-12-04 16:55:47,1900-01-00 00:00:00,Xiaomi_EC10,88:C3:97:04:EC:11,-17, WPA2 ,0.000000,0.000000,0.000,0.000,AP
2023-12-04 16:55:47,1900-01-00 00:00:00,Xiaomi_EC10,88:C3:97:04:EC:11,-17, WPA2 ,0.000000,0.000000,0.000,0.000,AP
2023-12-04 16:55:47,1900-01-00 00:00:00,Xiaomi_EC10,88:C3:97:04:EC:11,-17, WPA2 ,0.000000,0.000000,0.000,0.000,AP
2023-12-04 16:55:47,1900-01-00 00:00:00,Xiaomi_EC10,88:C3:97:04:EC:11,-17, WPA2 ,0.000000,0.000000,0.000,0.000,AP
2023-12-04 16:55:47,1900-01-00 00:00:00,Xiaomi_EC10,88:C3:97:04:EC:11,-17, WPA2 ,0.000000,0.000000,0.000,0.000,AP
2023-12-04 16:55:47,1900-01-00 00:00:00,Xiaomi_EC10,88:C3:97:04:EC:11,-17, WPA2 ,0.000000,0.000000,0.000,0.000,AP
2023-12-04 16:55:47,1900-01-00 00:00:00,Xiaomi_EC10,88:C3:97:04:EC:11,-17, WPA2 ,0.000000,0.000000,0.000,0.000,AP
2023-12-04 16:55:47,1900-01-00 00:00:00,Xiaomi_EC10,88:C3:97:04:EC:11,-17, WPA2 ,0.000000,0.000000,0.000,0.000,AP
2023-12-04 16:55:47,1900-01-00 00:00:00,Xiaomi_EC10,88:C3:97:04:EC:11,-17, WPA2 ,0.000000,0.000000,0.000,0.000,AP
2023-12-04 16:55:47,1900-01-00 00:00:00,Xiaomi_EC10,88:C3:97:04:EC:11,-17, WPA2 ,0.000000,0.000000,0.000,0.000,AP
2023-12-04 16:55:47,1900-01-00 00:00:00,Xiaomi_EC10,88:C3:97:04:EC:11,-17, WPA2 ,0.000000,0.000000,0.000,0.000,AP
2023-12-04 16:55:47,1900-01-00 00:00:00,Xiaomi_EC10,88:C3:97:04:EC:11,-65, WPA2 ,0.000000,0.000000,0.000,0.000,AP
2023-12-04 16:55:47,1900-01-00 00:00:00,Xiaomi_EC10,88:C3:97:04:EC:11,-65, WPA2 ,0.000000,0.000000,0.000,0.000,AP
2023-12-04 16:55:47,1900-01-00 00:00:00,Xiaomi_EC10,88:C3:97:04:EC:11,-65, WPA2 ,0.000000,0.000000,0.000,0.000,AP
2023-12-04 16:55:47,1900-01-00 00:00:00,Xiaomi_EC10,88:C3:97:04:EC:11,-65, WPA2 ,0.000000,0.000000,0.000,0.000,AP
2023-12-04 16:55:47,1900-01-00 00:00:00,Xiaomi_EC10,88:C3:97:04:EC:11,-65, WPA2 ,0.000000,0.000000,0.000,0.000,AP
2023-12-04 16:55:47,1900-01-00 00:00:00,Xiaomi_EC10,88:C3:97:04:EC:11,-65, WPA2 ,0.000000,0.000000,0.000,0.000,AP
2023-12-04 16:55:47,1900-01-00 00:00:00,Xiaomi_EC10,88:C3:97:04:EC:11,-65, WPA2 ,0.000000,0.000000,0.000,0.000,AP
2023-12-04 16:55:47,1900-01-00 00:00:00,Xiaomi_EC10,88:C3:97:04:EC:11,-65, WPA2 ,0.000000,0.000000,0.000,0.000,AP
2023-12-04 16:55:47,1900-01-00 00:00:00,Xiaomi_EC10,88:C3:97:04:EC:11,-65, WPA2 ,0.000000,0.000000,0.000,0.000,AP
2023-12-04 16:55:47,1900-01-00 00:00:00,Xiaomi_EC10,88:C3:97:04:EC:11,-65, WPA2 ,0.000000,0.000000,0.000,0.000,AP
2023-12-04 16:55:47,1900-01-00 00:00:00,Xiaomi_EC10,88:C3:97:04:EC:11,-65, WPA2 ,0.000000,0.000000,0.000,0.000,AP
2023-12-04 16:55:47,1900-01-00 00:00:00,Xiaomi_EC10,88:C3:97:04:EC:11,-65, WPA2 ,0.000000,0.000000,0.000,0.000,AP
2023-12-04 16:55:47,1900-01-00 00:00:00,Xiaomi_EC10,88:C3:97:04:EC:11,-65, WPA2 ,0.000000,0.000000,0.000,0.000,AP
2023-12-04 16:55:47,1900-01-00 00:00:00,Xiaomi_EC10,88:C3:97:04:EC:11,-65, WPA2 ,0.000000,0.000000,0.000,0.000,AP
2023-12-04 16:55:47,1900-01-00 00:00:00,Xiaomi_EC10,88:C3:97:04:EC:11,-65, WPA2 ,0.000000,0.000000,0.000,0.000,AP
2023-12-04 16:55:47,1900-01-00 00:00:00,Xiaomi_EC10,88:C3:97:04:EC:11,-65, WPA2 ,0.000000,0.000000,0.000,0.000,AP
2023-12-04 16:55:47,1900-01-00 00:00:00,Xiaomi_EC10,88:C3:97:04:EC:11,-65, WPA2 ,0.000000,0.000000,0.000,0.000,AP
2023-12-04 16:55:47,1900-01-00 00:00:00,Xiaomi_EC10,88:C3:97:04:EC:11,-65, WPA2 ,0.000000,0.000000,0.000,0.000,AP
2023-12-04 16:55:47,1900-01-00 00:00:00,Xiaomi_EC10,88:C3:97:04:EC:11,-65, WPA2 ,0.000000,0.000000,0.000,0.000,AP
2023-12-04 16:55:47,1900-01-00 00:00:00,Xiaomi_EC10,88:C3:97:04:EC:11,-17, WPA2 ,0.000000,0.000000,0.000,0.000,AP
2023-12-04 16:55:47,1900-01-00 00:00:00,Xiaomi_EC10,88:C3:97:04:EC:11,-17, WPA2 ,0.000000,0.000000,0.000,0.000,AP
2023-12-04 16:55:47,1900-01-00 00:00:00,Xiaomi_EC10,88:C3:97:04:EC:11,-17, WPA2 ,0.000000,0.000000,0.000,0.000,AP
2023-12-04 16:55:47,1900-01-00 00:00:00,Xiaomi_EC10,88:C3:97:04:EC:11,-17, WPA2 ,0.000000,0.000000,0.000,0.000,AP
2023-12-04 16:55:47,1900-01-00 00:00:00,Xiaomi_EC10,88:C3:97:04:EC:11,-17, WPA2 ,0.000000,0.000000,0.000,0.000,AP
2023-12-04 16:55:47,1900-01-00 00:00:00,Xiaomi_EC10,88:C3:97:04:EC:11,-17, WPA2 ,0.000000,0.000000,0.000,0.000,AP
2023-12-04 16:55:47,1900-01-00 00:00:00,Xiaomi_EC10,88:C3:97:04:EC:11,-17, WPA2 ,0.000000,0.000000,0.000,0.000,AP
2023-12-04 16:55:47,1900-01-00 00:00:00,Xiaomi_EC10,88:C3:97:04:EC:11,-17, WPA2 ,0.000000,0.000000,0.000,0.000,AP
2023-12-04 16:55:47,1900-01-00 00:00:00,Xiaomi_EC10,88:C3:97:04:EC:11,-17, WPA2 ,0.000000,0.000000,0.000,0.000,AP
2023-12-04 16:55:47,1900-01-00 00:00:00,Xiaomi_EC10,88:C3:97:04:EC:11,-17, WPA2 ,0.000000,0.000000,0.000,0.000,AP
2023-12-04 16:55:47,1900-01-00 00:00:00,Xiaomi_EC10,88:C3:97:04:EC:11,-17, WPA2 ,0.000000,0.000000,0.000,0.000,AP
2023-12-04 16:55:47,1900-01-00 00:00:00,Xiaomi_EC10,88:C3:97:04:EC:11,-17, WPA2 ,0.000000,0.000000,0.000,0.000,AP
2023-12-04 16:55:47,1900-01-00 00:00:00,Xiaomi_EC10,88:C3:97:04:EC:11,-17, WPA2 ,0.000000,0.000000,0.000,0.000,AP
2023-12-04 16:55:47,1900-01-00 00:00:00,Xiaomi_EC10,88:C3:97:04:EC:11,-17, WPA2 ,0.000000,0.000000,0.000,0.000,AP
2023-12-04 16:55:47,1900-01-00 00:00:00,Xiaomi_EC10,88:C3:97:04:EC:11,-17, WPA2 ,0.000000,0.000000,0.000,0.000,AP
2023-12-04 16:55:47,1900-01-00 00:00:00,Xiaomi_EC10,88:C3:97:04:EC:11,-17, WPA2 ,0.000000,0.000000,0.000,0.000,AP
2023-12-04 16:55:47,1900-01-00 00:00:00,Xiaomi_EC10,88:C3:97:04:EC:11,-17, WPA2 ,0.000000,0.000000,0.000,0.000,AP
2023-12-04 16:55:47,1900-01-00 00:00:00,Xiaomi_EC10,88:C3:97:04:EC:11,-17, WPA2 ,0.000000,0.000000,0.000,0.000,AP
2023-12-04 16:55:47,1900-01-00 00:00:00,Xiaomi_EC10,88:C3:97:04:EC:11,-17, WPA2 ,0.000000,0.000000,0.000,0.000,AP
2023-12-04 16:55:47,1900-01-00 00:00:00,Xiaomi_EC10,88:C3:97:04:EC:11,-17, WPA2 ,0.000000,0.000000,0.000,0.000,AP
2023-12-04 16:55:47,1900-01-00 00:00:00,Xiaomi_EC10,88:C3:97:04:EC:11,-17, WPA2 ,0.000000,0.000000,0.000,0.000,AP
2023-12-04 16:55:47,1900-01-00 00:00:00,Xiaomi_EC10,88:C3:97:04:EC:11,-17, WPA2 ,0.000000,0.000000,0.000,0.000,AP
2023-12-04 16:55:47,1900-01-00 00:00:00,Xiaomi_EC10,88:C3:97:04:EC:11,-17, WPA2 ,0.000000,0.000000,0.000,0.000,AP
2023-12-04 16:55:47,1900-01-00 00:00:00,Xiaomi_EC10,88:C3:97:04:EC:11,-17, WPA2 ,0.000000,0.000000,0.000,0.000,AP
2023-12-04 16:55:47,1900-01-00 00:00:00,Xiaomi_EC10,88:C3:97:04:EC:11,-17, WPA2 ,0.000000,0.000000,0.000,0.000,AP
2023-12-04 16:55:47,1900-01-00 00:00:00,Xiaomi_EC10,88:C3:97:04:EC:11,-17, WPA2 ,0.000000,0.000000,0.000,0.000,AP
2023-12-04 16:55:47,1900-01-00 00:00:00,Xiaomi_EC10,88:C3:97:04:EC:11,-17, WPA2 ,0.000000,0.000000,0.000,0.000,AP
2023-12-04 16:55:47,1900-01-00 00:00:00,Xiaomi_EC10,88:C3:97:04:EC:11,-17, WPA2 ,0.000000,0.000000,0.000,0.000,AP
2023-12-04 16:55:47,1900-01-00 00:00:00,Xiaomi_EC10,88:C3:97:04:EC:11,-17, WPA2 ,0.000000,0.000000,0.000,0.000,AP
2023-12-04 16:55:47,1900-01-00 00:00:00,Xiaomi_EC10,88:C3:97:04:EC:11,-17, WPA2 ,0.000000,0.000000,0.000,0.000,AP
2023-12-04 16:55:47,1900-01-00 00:00:00,Xiaomi_EC10,88:C3:97:04:EC:11,-17, WPA2 ,0.000000,0.000000,0.000,0.000,AP
2023-12-04 16:55:47,1900-01-00 00:00:00,Xiaomi_EC10,88:C3:97:04:EC:11,-17, WPA2 ,0.000000,0.000000,0.000,0.000,AP
2023-12-04 16:55:47,1900-01-00 00:00:00,Xiaomi_EC10,88:C3:97:04:EC:11,-17, WPA2 ,0.000000,0.000000,0.000,0.000,AP
2023-12-04 16:55:47,1900-01-00 00:00:00,Xiaomi_EC10,88:C3:97:04:EC:11,-17, WPA2 ,0.000000,0.000000,0.000,0.000,AP
2023-12-04 16:55:47,1900-01-00 00:00:00,Xiaomi_EC10,88:C3:97:04:EC:11,-17, WPA2 ,0.000000,0.000000,0.000,0.000,AP
2023-12-04 16:55:47,1900-01-00 00:00:00,Xiaomi_EC10,88:C3:97:04:EC:11,-17, WPA2 ,0.000000,0.000000,0.000,0.000,AP
2023-12-04 16:55:47,1900-01-00 00:00:00,Xiaomi_EC10,88:C3:97:04:EC:11,-17, WPA2 ,0.000000,0.000000,0.000,0.000,AP
2023-12-04 16:55:47,1900-01-00 00:00:00,Xiaomi_EC10,88:C3:97:04:EC:11,-17, WPA2 ,0.000000,0.000000,0.000,0.000,AP
2023-12-04 16:55:47,1900-01-00 00:00:00,Xiaomi_EC10,88:C3:97:04:EC:11,-17, WPA2 ,0.000000,0.000000,0.000,0.000,AP
2023-12-04 16:55:47,1900-01-00 00:00:00,Xiaomi_EC10,88:C3:97:04:EC:11,-17, WPA2 ,0.000000,0.000000,0.000,0.000,AP
2023-12-04 16:55:47,1900-01-00 00:00:00,Xiaomi_EC10,88:C3:97:04:EC:11,-17, WPA2 ,0.000000,0.000000,0.000,0.000,AP
2023-12-04 16:55:47,1900-01-00 00:00:00,Xiaomi_EC10,88:C3:97:04:EC:11,-17, WPA2 ,0.000000,0.000000,0.000,0.000,AP
2023-12-04 16:55:47,1900-01-00 00:00:00,Xiaomi_EC10,88:C3:97:04:EC:11,-17, WPA2 ,0.000000,0.000000,0.000,0.000,AP
2023-12-04 16:55:47,1900-01-00 00:00:00,Xiaomi_EC10,88:C3:97:04:EC:11,-17, WPA2 ,0.000000,0.000000,0.000,0.000,AP
2023-12-04 16:55:47,1900-01-00 00:00:00,Xiaomi_EC10,88:C3:97:04:EC:11,-17, WPA2 ,0.000000,0.000000,0.000,0.000,AP
2023-12-04 16:55:47,1900-01-00 00:00:00,Xiaomi_EC10,88:C3:97:04:EC:11,-17, WPA2 ,0.000000,0.000000,0.000,0.000,AP
2023-12-04 16:55:47,1900-01-00 00:00:00,Xiaomi_EC10,88:C3:97:04:EC:11,-17, WPA2 ,0.000000,0.000000,0.000,0.000,AP
2023-12-04 16:55:47,1900-01-00 00:00:00,Xiaomi_EC10,88:C3:97:04:EC:11,-17, WPA2 ,0.000000,0.000000,0.000,0.000,AP
2023-12-04 16:55:47,1900-01-00 00:00:00,Xiaomi_EC10,88:C3:97:04:EC:11,-17, WPA2 ,0.000000,0.000000,0.000,0.000,AP
2023-12-04 16:55:47,1900-01-00 00:00:00,Xiaomi_EC10,88:C3:97:04:EC:11,-17, WPA2 ,0.000000,0.000000,0.000,0.000,AP
2023-12-04 16:55:47,1900-01-00 00:00:00,Xiaomi_EC10,88:C3:97:04:EC:11,-17, WPA2 ,0.000000,0.000000,0.000,0.000,AP
2023-12-04 16:55:47,1900-01-00 00:00:00,Xiaomi_EC10,88:C3:97:04:EC:11,-17, WPA2 ,0.000000,0.000000,0.000,0.000,AP
2023-12-04 16:55:47,1900-01-00 00:00:00,Xiaomi_EC10,88:C3:97:04:EC:11,-17, WPA2 ,0.000000,0.000000,0.000,0.000,AP
2023-12-04 16:55:47,1900-01-00 00:00:00,Xiaomi_EC10,88:C3:97:04:EC:11,-17, WPA2 ,0.000000,0.000000,0.000,0.000,AP
2023-12-04 16:55:47,1900-01-00 00:00:00,Xiaomi_EC10,88:C3:97:04:EC:11,-17, WPA2 ,0.000000,0.000000,0.000,0.000,AP
2023-12-04 16:55:47,1900-01-00 00:00:00,Xiaomi_EC10,88:C3:97:04:EC:11,-17, WPA2 ,0.000000,0.000000,0.000,0.000,AP
2023-12-04 16:55:47,1900-01-00 00:00:00,Xiaomi_EC10,88:C3:97:04:EC:11,-17, WPA2 ,0.000000,0.000000,0.000,0.000,AP
2023-12-04 16:55:47,1900-01-00 00:00:00,Xiaomi_EC10,88:C3:97:04:EC:11,-17, WPA2 ,0.000000,0.000000,0.000,0.000,AP
2023-12-04 16:55:47,1900-01-00 00:00:00,Xiaomi_EC10,88:C3:97:04:EC:11,-17, WPA2 ,0.000000,0.000000,0.000,0.000,AP
2023-12-04 16:55:47,1900-01-00 00:00:00,Xiaomi_EC10,88:C3:97:04:EC:11,-17, WPA2 ,0.000000,0.000000,0.000,0.000,AP
2023-12-04 16:55:47,1900-01-00 00:00:00,Xiaomi_EC10,88:C3:97:04:EC:11,-17, WPA2 ,0.000000,0.000000,0.000,0.000,AP
2023-12-04 16:55:47,1900-01-00 00:00:00,Xiaomi_EC10,88:C3:97:04:EC:11,-17, WPA2 ,0.000000,0.000000,0.000,0.000,AP
2023-12-04 16:55:47,1900-01-00 00:00:00,Xiaomi_EC10,88:C3:97:04:EC:11,-17, WPA2 ,0.000000,0.000000,0.000,0.000,AP
2023-12-04 16:55:47,1900-01-00 00:00:00,Xiaomi_EC10,88:C3:97:04:EC:11,-17, WPA2 ,0.000000,0.000000,0.000,0.000,AP
2023-12-04 16:55:47,1900-01-00 00:00:00,Xiaomi_EC10,88:C3:97:04:EC:11,-17, WPA2 ,0.000000,0.000000,0.000,0.000,AP
2023-12-04 16:55:47,1900-01-00 00:00:00,Xiaomi_EC10,88:C3:97:04:EC:11,-17, WPA2 ,0.000000,0.000000,0.000,0.000,AP
2023-12-04 16:55:47,1900-01-00 00:00:00,Xiaomi_EC10,88:C3:97:04:EC:11,-17, WPA2 ,0.000000,0.000000,0.000,0.000,AP
2023-12-04 16:55:47,1900-01-00 00:00:00,Xiaomi_EC10,88:C3:97:04:EC:11,-17, WPA2 ,0.000000,0.000000,0.000,0.000,AP
2023-12-04 16:55:47,1900-01-00 00:00:00,Xiaomi_EC10,88:C3:97:04:EC:11,-17, WPA2 ,0.000000,0.000000,0.000,0.000,AP
2023-12-04 16:55:47,1900-01-00 00:00:00,Xiaomi_EC10,88:C3:97:04:EC:11,-17, WPA2 ,0.000000,0.000000,0.000,0.000,AP
2023-12-04 16:55:47,1900-01-00 00:00:00,Xiaomi_EC10,88:C3:97:04:EC:11,-17, WPA2 ,0.000000,0.000000,0.000,0.000,AP
2023-12-04 16:55:47,1900-01-00 00:00:00,Xiaomi_EC10,88:C3:97:04:EC:11,-52, WPA2 ,0.000000,0.000000,0.000,0.000,AP
2023-12-04 16:55:47,1900-01-00 00:00:00,Xiaomi_EC10,88:C3:97:04:EC:11,-52, WPA2 ,0.000000,0.000000,0.000,0.000,AP
2023-12-04 16:55:47,1900-01-00 00:00:00,Xiaomi_EC10,88:C3:97:04:EC:11,-52, WPA2 ,0.000000,0.000000,0.000,0.000,AP
2023-12-04 16:55:47,1900-01-00 00:00:00,Xiaomi_EC10,88:C3:97:04:EC:11,-52, WPA2 ,0.000000,0.000000,0.000,0.000,AP
2023-12-04 16:55:47,1900-01-00 00:00:00,Xiaomi_EC10,88:C3:97:04:EC:11,-52, WPA2 ,0.000000,0.000000,0.000,0.000,AP
2023-12-04 16:55:47,1900-01-00 00:00:00,Xiaomi_EC10,88:C3:97:04:EC:11,-52, WPA2 ,0.000000,0.000000,0.000,0.000,AP
2023-12-04 16:55:47,1900-01-00 00:00:00,Xiaomi_EC10,88:C3:97:04:EC:11,-52, WPA2 ,0.000000,0.000000,0.000,0.000,AP
2023-12-04 16:55:47,1900-01-00 00:00:00,Xiaomi_EC10,88:C3:97:04:EC:11,-52, WPA2 ,0.000000,0.000000,0.000,0.000,AP
2023-12-04 16:55:47,1900-01-00 00:00:00,Xiaomi_EC10,88:C3:97:04:EC:11,-52, WPA2 ,0.000000,0.000000,0.000,0.000,AP
2023-12-04 16:55:47,1900-01-00 00:00:00,Xiaomi_EC10,88:C3:97:04:EC:11,-52, WPA2 ,0.000000,0.000000,0.000,0.000,AP
2023-12-04 16:55:47,1900-01-00 00:00:00,Xiaomi_EC10,88:C3:97:04:EC:11,-52, WPA2 ,0.000000,0.000000,0.000,0.000,AP
2023-12-04 16:55:47,1900-01-00 00:00:00,Xiaomi_EC10,88:C3:97:04:EC:11,-52, WPA2 ,0.000000,0.000000,0.000,0.000,AP
2023-12-04 16:55:47,1900-01-00 00:00:00,Xiaomi_EC10,88:C3:97:04:EC:11,-52, WPA2 ,0.000000,0.000000,0.000,0.000,AP
2023-12-04 16:55:47,1900-01-00 00:00:00,Xiaomi_EC10,88:C3:97:04:EC:11,-52, WPA2 ,0.000000,0.000000,0.000,0.000,AP
2023-12-04 16:55:47,1900-01-00 00:00:00,Xiaomi_EC10,88:C3:97:04:EC:11,-52, WPA2 ,0.000000,0.000000,0.000,0.000,AP
2023-12-04 16:55:47,1900-01-00 00:00:00,Xiaomi_EC10,88:C3:97:04:EC:11,-52, WPA2 ,0.000000,0.000000,0.000,0.000,AP
2023-12-04 16:55:47,1900-01-00 00:00:00,Xiaomi_EC10,88:C3:97:04:EC:11,-52, WPA2 ,0.000000,0.000000,0.000,0.000,AP
2023-12-04 16:55:47,1900-01-00 00:00:00,Xiaomi_EC10,88:C3:97:04:EC:11,-52, WPA2 ,0.000000,0.000000,0.000,0.000,AP
2023-12-04 16:55:47,1900-01-00 00:00:00,Xiaomi_EC10,88:C3:97:04:EC:11,-52, WPA2 ,0.000000,0.000000,0.000,0.000,AP
2023-12-04 16:55:47,1900-01-00 00:00:00,Xiaomi_EC10,88:C3:97:04:EC:11,-52, WPA2 ,0.000000,0.000000,0.000,0.000,AP
2023-12-04 16:55:47,1900-01-00 00:00:00,Xiaomi_EC10,88:C3:97:04:EC:11,-52, WPA2 ,0.000000,0.000000,0.000,0.000,AP
2023-12-04 16:55:47,1900-01-00 00:00:00,Xiaomi_EC10,88:C3:97:04:EC:11,-52, WPA2 ,0.000000,0.000000,0.000,0.000,AP
2023-12-04 16:55:47,1900-01-00 00:00:00,Xiaomi_EC10,88:C3:97:04:EC:11,-52, WPA2 ,0.000000,0.000000,0.000,0.000,AP
2023-12-04 16:55:47,1900-01-00 00:00:00,Xiaomi_EC10,88:C3:97:04:EC:11,-52, WPA2 ,0.000000,0.000000,0.000,0.000,AP
2023-12-04 16:55:47,1900-01-00 00:00:00,Xiaomi_EC10,88:C3:97:04:EC:11,-52, WPA2 ,0.000000,0.000000,0.000,0.000,AP
2023-12-04 16:55:47,1900-01-00 00:00:00,Xiaomi_EC10,88:C3:97:04:EC:11,-52, WPA2 ,0.000000,0.000000,0.000,0.000,AP
2023-12-04 16:55:47,1900-01-00 00:00:00,Xiaomi_EC10,88:C3:97:04:EC:11,-52, WPA2 ,0.000000,0.000000,0.000,0.000,AP
2023-12-04 16:55:47,1900-01-00 00:00:00,Xiaomi_EC10,88:C3:97:04:EC:11,-52, WPA2 ,0.000000,0.000000,0.000,0.000,AP
2023-12-04 16:55:47,1900-01-00 00:00:00,Xiaomi_EC10,88:C3:97:04:EC:11,-52, WPA2 ,0.000000,0.000000,0.000,0.000,AP
2023-12-04 16:55:47,1900-01-00 00:00:00,Xiaomi_EC10,88:C3:97:04:EC:11,-52, WPA2 ,0.000000,0.000000,0.000,0.000,AP
2023-12-04 16:55:47,1900-01-00 00:00:00,Xiaomi_EC10,88:C3:97:04:EC:11,-52, WPA2 ,0.000000,0.000000,0.000,0.000,AP
2023-12-04 16:55:47,1900-01-00 00:00:00,Xiaomi_EC10,88:C3:97:04:EC:11,-52, WPA2 ,0.000000,0.000000,0.000,0.000,AP
2023-12-04 16:55:47,1900-01-00 00:00:00,Xiaomi_EC10,88:C3:97:04:EC:11,-52, WPA2 ,0.000000,0.000000,0.000,0.000,AP
2023-12-04 16:55:47,1900-01-00 00:00:00,Xiaomi_EC10,88:C3:97:04:EC:11,-52, WPA2 ,0.000000,0.000000,0.000,0.000,AP
2023-12-04 16:55:47,1900-01-00 00:00:00,Xiaomi_EC10,88:C3:97:04:EC:11,-52, WPA2 ,0.000000,0.000000,0.000,0.000,AP
2023-12-04 16:55:47,1900-01-00 00:00:00,Xiaomi_EC10,88:C3:97:04:EC:11,-52, WPA2 ,0.000000,0.000000,0.000,0.000,AP
2023-12-04 16:55:47,1900-01-00 00:00:00,Xiaomi_EC10,88:C3:97:04:EC:11,-52, WPA2 ,0.000000,0.000000,0.000,0.000,AP
2023-12-04 16:55:47,1900-01-00 00:00:00,Xiaomi_EC10,88:C3:97:04:EC:11,-52, WPA2 ,0.000000,0.000000,0.000,0.000,AP
2023-12-04 16:55:47,1900-01-00 00:00:00,Xiaomi_EC10,88:C3:97:04:EC:11,-52, WPA2 ,0.000000,0.000000,0.000,0.000,AP
2023-12-04 16:55:47,1900-01-00 00:00:00,Xiaomi_EC10,88:C3:97:04:EC:11,-52, WPA2 ,0.000000,0.000000,0.000,0.000,AP
2023-12-04 16:55:47,1900-01-00 00:00:00,Xiaomi_EC10,88:C3:97:04:EC:11,-52, WPA2 ,0.000000,0.000000,0.000,0.000,AP
2023-12-04 16:55:47,1900-01-00 00:00:00,Xiaomi_EC10,88:C3:97:04:EC:11,-52, WPA2 ,0.000000,0.000000,0.000,0.000,AP
2023-12-04 16:55:47,1900-01-00 00:00:00,Xiaomi_EC10,88:C3:97:04:EC:11,-52, WPA2 ,0.000000,0.000000,0.000,0.000,AP
2023-12-04 16:55:47,1900-01-00 00:00:00,Xiaomi_EC10,88:C3:97:04:EC:11,-52, WPA2 ,0.000000,0.000000,0.000,0.000,AP
2023-12-04 16:55:47,1900-01-00 00:00:00,Xiaomi_EC10,88:C3:97:04:EC:11,-52, WPA2 ,0.000000,0.000000,0.000,0.000,AP
2023-12-04 16:55:47,1900-01-00 00:00:00,Xiaomi_EC10,88:C3:97:04:EC:11,-52, WPA2 ,0.000000,0.000000,0.000,0.000,AP
2023-12-04 16:55:47,1900-01-00 00:00:00,Xiaomi_EC10,88:C3:97:04:EC:11,-52, WPA2 ,0.000000,0.000000,0.000,0.000,AP
2023-12-04 16:55:47,1900-01-00 00:00:00,Xiaomi_EC10,88:C3:97:04:EC:11,-52, WPA2 ,0.000000,0.000000,0.000,0.000,AP
2023-12-04 16:55:47,1900-01-00 00:00:00,Xiaomi_EC10,88:C3:97:04:EC:11,-52, WPA2 ,0.000000,0.000000,0.000,0.000,AP
2023-12-04 16:55:47,1900-01-00 00:00:00,Xiaomi_EC10,88:C3:97:04:EC:11,-52, WPA2 ,0.000000,0.000000,0.000,0.000,AP
2023-12-04 16:55:47,1900-01-00 00:00:00,Xiaomi_EC10,88:C3:97:04:EC:11,-52, WPA2 ,0.000000,0.000000,0.000,0.000,AP
2023-12-04 16:55:47,1900-01-00 00:00:00,Xiaomi_EC10,88:C3:97:04:EC:11,-52, WPA2 ,0.000000,0.000000,0.000,0.000,AP
2023-12-04 16:55:47,1900-01-00 00:00:00,Xiaomi_EC10,88:C3:97:04:EC:11,-52, WPA2 ,0.000000,0.000000,0.000,0.000,AP
2023-12-04 16:55:47,1900-01-00 00:00:00,Xiaomi_EC10,88:C3:97:04:EC:11,-52, WPA2 ,0.000000,0.000000,0.000,0.000,AP
2023-12-04 16:55:47,1900-01-00 00:00:00,Xiaomi_EC10,88:C3:97:04:EC:11,-52, WPA2 ,0.000000,0.000000,0.000,0.000,AP
2023-12-04 16:55:47,1900-01-00 00:00:00,Xiaomi_EC10,88:C3:97:04:EC:11,-52, WPA2 ,0.000000,0.000000,0.000,0.000,AP
2023-12-04 16:55:47,1900-01-00 00:00:00,Xiaomi_EC10,88:C3:97:04:EC:11,-52, WPA2 ,0.000000,0.000000,0.000,0.000,AP
2023-12-04 16:55:47,1900-01-00 00:00:00,Xiaomi_EC10,88:C3:97:04:EC:11,-52, WPA2 ,0.000000,0.000000,0.000,0.000,AP
2023-12-04 16:55:47,1900-01-00 00:00:00,Xiaomi_EC10,88:C3:97:04:EC:11,-52, WPA2 ,0.000000,0.000000,0.000,0.000,AP
2023-12-04 16:55:47,1900-01-00 00:00:00,Xiaomi_EC10,88:C3:97:04:EC:11,-52, WPA2 ,0.000000,0.000000,0.000,0.000,AP
2023-12-04 16:55:47,1900-01-00 00:00:00,Xiaomi_EC10,88:C3:97:04:EC:11,-52, WPA2 ,0.000000,0.000000,0.000,0.000,AP
2023-12-04 16:55:47,1900-01-00 00:00:00,Xiaomi_EC10,88:C3:97:04:EC:11,-52, WPA2 ,0.000000,0.000000,0.000,0.000,AP
2023-12-04 16:55:47,1900-01-00 00:00:00,Xiaomi_EC10,88:C3:97:04:EC:11,-52, WPA2 ,0.000000,0.000000,0.000,0.000,AP
2023-12-04 16:55:47,1900-01-00 00:00:00,Xiaomi_EC10,88:C3:97:04:EC:11,-52, WPA2 ,0.000000,0.000000,0.000,0.000,AP
2023-12-04 16:55:47,1900-01-00 00:00:00,Xiaomi_EC10,88:C3:97:04:EC:11,-52, WPA2 ,0.000000,0.000000,0.000,0.000,AP
2023-12-04 16:55:47,1900-01-00 00:00:00,Xiaomi_EC10,88:C3:97:04:EC:11,-52, WPA2 ,0.000000,0.000000,0.000,0.000,AP
2023-12-04 16:55:47,1900-01-00 00:00:00,Xiaomi_EC10,88:C3:97:04:EC:11,-52, WPA2 ,0.000000,0.000000,0.000,0.000,AP
2023-12-04 16:55:47,1900-01-00 00:00:00,Xiaomi_EC10,88:C3:97:04:EC:11,-77, WPA2 ,0.000000,0.000000,0.000,0.000,AP
2023-12-04 16:55:47,1900-01-00 00:00:00,Xiaomi_EC10,88:C3:97:04:EC:11,-77, WPA2 ,0.000000,0.000000,0.000,0.000,AP
2023-12-04 16:55:47,1900-01-00 00:00:00,Xiaomi_EC10,88:C3:97:04:EC:11,-77, WPA2 ,0.000000,0.000000,0.000,0.000,AP
2023-12-04 16:55:47,1900-01-00 00:00:00,Xiaomi_EC10,88:C3:97:04:EC:11,-77, WPA2 ,0.000000,0.000000,0.000,0.000,AP
2023-12-04 16:55:47,1900-01-00 00:00:00,Xiaomi_EC10,88:C3:97:04:EC:11,-77, WPA2 ,0.000000,0.000000,0.000,0.000,AP
2023-12-04 16:55:47,1900-01-00 00:00:00,Xiaomi_EC10,88:C3:97:04:EC:11,-77, WPA2 ,0.000000,0.000000,0.000,0.000,AP
2023-12-04 16:55:47,1900-01-00 00:00:00,Xiaomi_EC10,88:C3:97:04:EC:11,-77, WPA2 ,0.000000,0.000000,0.000,0.000,AP
2023-12-04 16:55:47,1900-01-00 00:00:00,Xiaomi_EC10,88:C3:97:04:EC:11,-77, WPA2 ,0.000000,0.000000,0.000,0.000,AP
2023-12-04 16:55:47,1900-01-00 00:00:00,Xiaomi_EC10,88:C3:97:04:EC:11,-77, WPA2 ,0.000000,0.000000,0.000,0.000,AP
2023-12-04 16:55:47,1900-01-00 00:00:00,Xiaomi_EC10,88:C3:97:04:EC:11,-77, WPA2 ,0.000000,0.000000,0.000,0.000,AP
2023-12-04 16:55:47,1900-01-00 00:00:00,Xiaomi_EC10,88:C3:97:04:EC:11,-77, WPA2 ,0.000000,0.000000,0.000,0.000,AP
2023-12-04 16:55:47,1900-01-00 00:00:00,Xiaomi_EC10,88:C3:97:04:EC:11,-17, WPA2 ,0.000000,0.000000,0.000,0.000,AP
2023-12-04 16:55:47,1900-01-00 00:00:00,Xiaomi_EC10,88:C3:97:04:EC:11,-17, WPA2 ,0.000000,0.000000,0.000,0.000,AP
2023-12-04 16:55:47,1900-01-00 00:00:00,Xiaomi_EC10,88:C3:97:04:EC:11,-17, WPA2 ,0.000000,0.000000,0.000,0.000,AP
2023-12-04 16:55:47,1900-01-00 00:00:00,Xiaomi_EC10,88:C3:97:04:EC:11,-17, WPA2 ,0.000000,0.000000,0.000,0.000,AP
2023-12-04 16:55:47,1900-01-00 00:00:00,Xiaomi_EC10,88:C3:97:04:EC:11,-17, WPA2 ,0.000000,0.000000,0.000,0.000,AP
2023-12-04 16:55:47,1900-01-00 00:00:00,Xiaomi_EC10,88:C3:97:04:EC:11,-17, WPA2 ,0.000000,0.000000,0.000,0.000,AP
2023-12-04 16:55:47,1900-01-00 00:00:00,Xiaomi_EC10,88:C3:97:04:EC:11,-17, WPA2 ,0.000000,0.000000,0.000,0.000,AP
2023-12-04 16:55:47,1900-01-00 00:00:00,Xiaomi_EC10,88:C3:97:04:EC:11,-17, WPA2 ,0.000000,0.000000,0.000,0.000,AP
2023-12-04 16:55:47,1900-01-00 00:00:00,Xiaomi_EC10,88:C3:97:04:EC:11,-17, WPA2 ,0.000000,0.000000,0.000,0.000,AP
2023-12-04 16:55:47,1900-01-00 00:00:00,Xiaomi_EC10,88:C3:97:04:EC:11,-17, WPA2 ,0.000000,0.000000,0.000,0.000,AP
2023-12-04 16:55:47,1900-01-00 00:00:00,Xiaomi_EC10,88:C3:97:04:EC:11,-17, WPA2 ,0.000000,0.000000,0.000,0.000,AP
2023-12-04 16:55:47,1900-01-00 00:00:00,Xiaomi_EC10,88:C3:97:04:EC:11,-17, WPA2 ,0.000000,0.000000,0.000,0.000,AP
2023-12-04 16:55:47,1900-01-00 00:00:00,Xiaomi_EC10,88:C3:97:04:EC:11,-17, WPA2 ,0.000000,0.000000,0.000,0.000,AP
2023-12-04 16:55:47,1900-01-00 00:00:00,Xiaomi_EC10,88:C3:97:04:EC:11,-17, WPA2 ,0.000000,0.000000,0.000,0.000,AP
2023-12-04 16:55:47,1900-01-00 00:00:00,Xiaomi_EC10,88:C3:97:04:EC:11,-17, WPA2 ,0.000000,0.000000,0.000,0.000,AP
2023-12-04 16:55:47,1900-01-00 00:00:00,Xiaomi_EC10,88:C3:97:04:EC:11,-17, WPA2 ,0.000000,0.000000,0.000,0.000,AP
2023-12-04 16:55:47,1900-01-00 00:00:00,Xiaomi_EC10,88:C3:97:04:EC:11,-17, WPA2 ,0.000000,0.000000,0.000,0.000,AP
2023-12-04 16:55:47,1900-01-00 00:00:00,Xiaomi_EC10,88:C3:97:04:EC:11,-17, WPA2 ,0.000000,0.000000,0.000,0.000,AP
2023-12-04 16:55:47,1900-01-00 00:00:00,Xiaomi_EC10,88:C3:97:04:EC:11,-17, WPA2 ,0.000000,0.000000,0.000,0.000,AP
2023-12-04 16:55:47,1900-01-00 00:00:00,Xiaomi_EC10,88:C3:97:04:EC:11,-17, WPA2 ,0.000000,0.000000,0.000,0.000,AP
2023-12-04 16:55:47,1900-01-00 00:00:00,Xiaomi_EC10,88:C3:97:04:EC:11,-17, WPA2 ,0.000000,0.000000,0.000,0.000,AP
2023-12-04 16:55:47,1900-01-00 00:00:00,Xiaomi_EC10,88:C3:97:04:EC:11,-17, WPA2 ,0.000000,0.000000,0.000,0.000,AP
2023-12-04 16:55:47,1900-01-00 00:00:00,Xiaomi_EC10,88:C3:97:04:EC:11,-17, WPA2 ,0.000000,0.000000,0.000,0.000,AP
2023-12-04 16:55:47,1900-01-00 00:00:00,Xiaomi_EC10,88:C3:97:04:EC:11,-17, WPA2 ,0.000000,0.000000,0.000,0.000,AP
2023-12-04 16:55:47,1900-01-00 00:00:00,Xiaomi_EC10,88:C3:97:04:EC:11,-17, WPA2 ,0.000000,0.000000,0.000,0.000,AP
2023-12-04 16:55:47,1900-01-00 00:00:00,Xiaomi_EC10,88:C3:97:04:EC:11,-17, WPA2 ,0.000000,0.000000,0.000,0.000,AP
2023-12-04 16:55:47,1900-01-00 00:00:00,Xiaomi_EC10,88:C3:97:04:EC:11,-17, WPA2 ,0.000000,0.000000,0.000,0.000,AP
2023-12-04 16:55:47,1900-01-00 00:00:00,Xiaomi_EC10,88:C3:97:04:EC:11,-17, WPA2 ,0.000000,0.000000,0.000,0.000,AP
2023-12-04 16:55:47,1900-01-00 00:00:00,Xiaomi_EC10,88:C3:97:04:EC:11,-17, WPA2 ,0.000000,0.000000,0.000,0.000,AP
2023-12-04 16:55:47,1900-01-00 00:00:00,Xiaomi_EC10,88:C3:97:04:EC:11,-17, WPA2 ,0.000000,0.000000,0.000,0.000,AP
2023-12-04 16:55:47,1900-01-00 00:00:00,Xiaomi_EC10,88:C3:97:04:EC:11,-17, WPA2 ,0.000000,0.000000,0.000,0.000,AP
2023-12-04 16:55:47,1900-01-00 00:00:00,Xiaomi_EC10,88:C3:97:04:EC:11,-17, WPA2 ,0.000000,0.000000,0.000,0.000,AP
2023-12-04 16:55:47,1900-01-00 00:00:00,Xiaomi_EC10,88:C3:97:04:EC:11,-17, WPA2 ,0.000000,0.000000,0.000,0.000,AP
2023-12-04 16:55:47,1900-01-00 00:00:00,Xiaomi_EC10,88:C3:97:04:EC:11,-17, WPA2 ,0.000000,0.000000,0.000,0.000,AP
2023-12-04 16:55:47,1900-01-00 00:00:00,Xiaomi_EC10,88:C3:97:04:EC:11,-17, WPA2 ,0.000000,0.000000,0.000,0.000,AP
2023-12-04 16:55:47,1900-01-00 00:00:00,Xiaomi_EC10,88:C3:97:04:EC:11,-17, WPA2 ,0.000000,0.000000,0.000,0.000,AP
2023-12-04 16:55:47,1900-01-00 00:00:00,Xiaomi_EC10,88:C3:97:04:EC:11,-17, WPA2 ,0.000000,0.000000,0.000,0.000,AP
2023-12-04 16:55:47,1900-01-00 00:00:00,Xiaomi_EC10,88:C3:97:04:EC:11,-17, WPA2 ,0.000000,0.000000,0.000,0.000,AP
2023-12-04 16:55:47,1900-01-00 00:00:00,Xiaomi_EC10,88:C3:97:04:EC:11,-17, WPA2 ,0.000000,0.000000,0.000,0.000,AP
2023-12-04 16:55:47,1900-01-00 00:00:00,Xiaomi_EC10,88:C3:97:04:EC:11,-17, WPA2 ,0.000000,0.000000,0.000,0.000,AP
2023-12-04 16:55:47,1900-01-00 00:00:00,Xiaomi_EC10,88:C3:97:04:EC:11,-17, WPA2 ,0.000000,0.000000,0.000,0.000,AP
2023-12-04 16:55:47,1900-01-00 00:00:00,Xiaomi_EC10,88:C3:97:04:EC:11,-17, WPA2 ,0.000000,0.000000,0.000,0.000,AP
2023-12-04 16:55:47,1900-01-00 00:00:00,Xiaomi_EC10,88:C3:97:04:EC:11,-17, WPA2 ,0.000000,0.000000,0.000,0.000,AP
2023-12-04 16:55:47,1900-01-00 00:00:00,Xiaomi_EC10,88:C3:97:04:EC:11,-17, WPA2 ,0.000000,0.000000,0.000,0.000,AP
2023-12-04 16:55:47,1900-01-00 00:00:00,Xiaomi_EC10,88:C3:97:04:EC:11,-17, WPA2 ,0.000000,0.000000,0.000,0.000,AP
2023-12-04 16:55:47,1900-01-00 00:00:00,Xiaomi_EC10,88:C3:97:04:EC:11,-17, WPA2 ,0.000000,0.000000,0.000,0.000,AP
2023-12-04 16:55:47,1900-01-00 00:00:00,Xiaomi_EC10,88:C3:97:04:EC:11,-17, WPA2 ,0.000000,0.000000,0.000,0.000,AP
2023-12-04 16:55:47,1900-01-00 00:00:00,Xiaomi_EC10,88:C3:97:04:EC:11,-17, WPA2 ,0.000000,0.000000,0.000,0.000,AP
2023-12-04 16:55:47,1900-01-00 00:00:00,Xiaomi_EC10,88:C3:97:04:EC:11,-17, WPA2 ,0.000000,0.000000,0.000,0.000,AP
2023-12-04 16:55:47,1900-01-00 00:00:00,Xiaomi_EC10,88:C3:97:04:EC:11,-17, WPA2 ,0.000000,0.000000,0.000,0.000,AP
2023-12-04 16:55:47,1900-01-00 00:00:00,Xiaomi_EC10,88:C3:97:04:EC:11,-17, WPA2 ,0.000000,0.000000,0.000,0.000,AP
2023-12-04 16:55:47,1900-01-00 00:00:00,Xiaomi_EC10,88:C3:97:04:EC:11,-17, WPA2 ,0.000000,0.000000,0.000,0.000,AP
2023-12-04 16:55:47,1900-01-00 00:00:00,Xiaomi_EC10,88:C3:97:04:EC:11,-17, WPA2 ,0.000000,0.000000,0.000,0.000,AP
2023-12-04 16:55:47,1900-01-00 00:00:00,Xiaomi_EC10,88:C3:97:04:EC:11,-17, WPA2 ,0.000000,0.000000,0.000,0.000,AP
2023-12-04 16:55:47,1900-01-00 00:00:00,Xiaomi_EC10,88:C3:97:04:EC:11,-17, WPA2 ,0.000000,0.000000,0.000,0.000,AP
2023-12-04 16:55:47,1900-01-00 00:00:00,Xiaomi_EC10,88:C3:97:04:EC:11,-17, WPA2 ,0.000000,0.000000,0.000,0.000,AP
2023-12-04 16:55:47,1900-01-00 00:00:00,Xiaomi_EC10,88:C3:97:04:EC:11,-17, WPA2 ,0.000000,0.000000,0.000,0.000,AP
2023-12-04 16:55:47,1900-01-00 00:00:00,Xiaomi_EC10,88:C3:97:04:EC:11,-17, WPA2 ,0.000000,0.000000,0.000,0.000,AP
2023-12-04 16:55:47,1900-01-00 00:00:00,Xiaomi_EC10,88:C3:97:04:EC:11,-17, WPA2 ,0.000000,0.000000,0.000,0.000,AP
2023-12-04 16:55:47,1900-01-00 00:00:00,Xiaomi_EC10,88:C3:97:04:EC:11,-17, WPA2 ,0.000000,0.000000,0.000,0.000,AP
2023-12-04 16:55:47,1900-01-00 00:00:00,Xiaomi_EC10,88:C3:97:04:EC:11,-17, WPA2 ,0.000000,0.000000,0.000,0.000,AP
2023-12-04 16:55:47,1900-01-00 00:00:00,Xiaomi_EC10,88:C3:97:04:EC:11,-17, WPA2 ,0.000000,0.000000,0.000,0.000,AP
2023-12-04 16:55:47,1900-01-00 00:00:00,Xiaomi_EC10,88:C3:97:04:EC:11,-17, WPA2 ,0.000000,0.000000,0.000,0.000,AP
2023-12-04 16:55:47,1900-01-00 00:00:00,Xiaomi_EC10,88:C3:97:04:EC:11,-17, WPA2 ,0.000000,0.000000,0.000,0.000,AP
2023-12-04 16:55:47,1900-01-00 00:00:00,Xiaomi_EC10,88:C3:97:04:EC:11,-17, WPA2 ,0.000000,0.000000,0.000,0.000,AP
2023-12-04 16:55:47,1900-01-00 00:00:00,Xiaomi_EC10,88:C3:97:04:EC:11,-17, WPA2 ,0.000000,0.000000,0.000,0.000,AP
2023-12-04 16:55:47,1900-01-00 00:00:00,Xiaomi_EC10,88:C3:97:04:EC:11,-17, WPA2 ,0.000000,0.000000,0.000,0.000,AP
2023-12-04 16:55:47,1900-01-00 00:00:00,Xiaomi_EC10,88:C3:97:04:EC:11,-17, WPA2 ,0.000000,0.000000,0.000,0.000,AP
2023-12-04 16:55:47,1900-01-00 00:00:00,Xiaomi_EC10,88:C3:97:04:EC:11,-17, WPA2 ,0.000000,0.000000,0.000,0.000,AP
2023-12-04 16:55:47,1900-01-00 00:00:00,Xiaomi_EC10,88:C3:97:04:EC:11,-17, WPA2 ,0.000000,0.000000,0.000,0.000,AP
2023-12-04 16:55:47,1900-01-00 00:00:00,Xiaomi_EC10,88:C3:97:04:EC:11,-17, WPA2 ,0.000000,0.000000,0.000,0.000,AP
2023-12-04 16:55:47,1900-01-00 00:00:00,Xiaomi_EC10,88:C3:97:04:EC:11,-17, WPA2 ,0.000000,0.000000,0.000,0.000,AP
2023-12-04 16:55:47,1900-01-00 00:00:00,Xiaomi_EC10,88:C3:97:04:EC:11,-17, WPA2 ,0.000000,0.000000,0.000,0.000,AP
2023-12-04 16:55:47,1900-01-00 00:00:00,Xiaomi_EC10,88:C3:97:04:EC:11,-17, WPA2 ,0.000000,0.000000,0.000,0.000,AP
2023-12-04 16:55:47,1900-01-00 00:00:00,Xiaomi_EC10,88:C3:97:04:EC:11,-17, WPA2 ,0.000000,0.000000,0.000,0.000,AP
2023-12-04 16:55:47,1900-01-00 00:00:00,Xiaomi_EC10,88:C3:97:04:EC:11,-17, WPA2 ,0.000000,0.000000,0.000,0.000,AP
2023-12-04 16:55:47,1900-01-00 00:00:00,Xiaomi_EC10,88:C3:97:04:EC:11,-17, WPA2 ,0.000000,0.000000,0.000,0.000,AP
2023-12-04 16:55:47,1900-01-00 00:00:00,Xiaomi_EC10,88:C3:97:04:EC:11,-17, WPA2 ,0.000000,0.000000,0.000,0.000,AP
2023-12-04 16:55:47,1900-01-00 00:00:00,Xiaomi_EC10,88:C3:97:04:EC:11,-17, WPA2 ,0.000000,0.000000,0.000,0.000,AP
2023-12-04 16:55:47,1900-01-00 00:00:00,Xiaomi_EC10,88:C3:97:04:EC:11,-18, WPA2 ,0.000000,0.000000,0.000,0.000,AP
2023-12-04 16:55:47,1900-01-00 00:00:00,Xiaomi_EC10,88:C3:97:04:EC:11,-17, WPA2 ,0.000000,0.000000,0.000,0.000,AP
2023-12-04 16:55:47,1900-01-00 00:00:00,Xiaomi_EC10,88:C3:97:04:EC:11,-17, WPA2 ,0.000000,0.000000,0.000,0.000,AP
2023-12-04 16:55:47,1900-01-00 00:00:00,Xiaomi_EC10,88:C3:97:04:EC:11,-18, WPA2 ,0.000000,0.000000,0.000,0.000,AP
2023-12-04 16:55:47,1900-01-00 00:00:00,Xiaomi_EC10,88:C3:97:04:EC:11,-18, WPA2 ,0.000000,0.000000,0.000,0.000,AP
2023-12-04 16:55:47,1900-01-00 00:00:00,Xiaomi_EC10,88:C3:97:04:EC:11,-18, WPA2 ,0.000000,0.000000,0.000,0.000,AP
2023-12-04 16:55:47,1900-01-00 00:00:00,Xiaomi_EC10,88:C3:97:04:EC:11,-18, WPA2 ,0.000000,0.000000,0.000,0.000,AP
2023-12-04 16:55:47,1900-01-00 00:00:00,Xiaomi_EC10,88:C3:97:04:EC:11,-18, WPA2 ,0.000000,0.000000,0.000,0.000,AP
2023-12-04 16:55:47,1900-01-00 00:00:00,Xiaomi_EC10,88:C3:97:04:EC:11,-17, WPA2 ,0.000000,0.000000,0.000,0.000,AP
2023-12-04 16:55:48,1900-01-00 00:00:00,Xiaomi_EC10,88:C3:97:04:EC:11,-17, WPA2 ,0.000000,0.000000,0.000,0.000,AP
2023-12-04 16:55:48,1900-01-00 00:00:00,Xiaomi_EC10,88:C3:97:04:EC:11,-17, WPA2 ,0.000000,0.000000,0.000,0.000,AP
2023-12-04 16:55:48,1900-01-00 00:00:00,Xiaomi_EC10,88:C3:97:04:EC:11,-17, WPA2 ,0.000000,0.000000,0.000,0.000,AP
2023-12-04 16:55:48,1900-01-00 00:00:00,Xiaomi_EC10,88:C3:97:04:EC:11,-17, WPA2 ,0.000000,0.000000,0.000,0.000,AP
2023-12-04 16:55:48,1900-01-00 00:00:00,Xiaomi_EC10,88:C3:97:04:EC:11,-18, WPA2 ,0.000000,0.000000,0.000,0.000,AP
2023-12-04 16:55:48,1900-01-00 00:00:00,Xiaomi_EC10,88:C3:97:04:EC:11,-17, WPA2 ,0.000000,0.000000,0.000,0.000,AP
2023-12-04 16:55:48,1900-01-00 00:00:00,Xiaomi_EC10,88:C3:97:04:EC:11,-18, WPA2 ,0.000000,0.000000,0.000,0.000,AP
2023-12-04 16:55:48,1900-01-00 00:00:00,Xiaomi_EC10,88:C3:97:04:EC:11,-17, WPA2 ,0.000000,0.000000,0.000,0.000,AP
2023-12-04 16:55:48,1900-01-00 00:00:00,Xiaomi_EC10,88:C3:97:04:EC:11,-18, WPA2 ,0.000000,0.000000,0.000,0.000,AP
2023-12-04 16:55:48,1900-01-00 00:00:00,Xiaomi_EC10,88:C3:97:04:EC:11,-17, WPA2 ,0.000000,0.000000,0.000,0.000,AP
2023-12-04 16:55:48,1900-01-00 00:00:00,Xiaomi_EC10,88:C3:97:04:EC:11,-18, WPA2 ,0.000000,0.000000,0.000,0.000,AP
2023-12-04 16:55:48,1900-01-00 00:00:00,Xiaomi_EC10,88:C3:97:04:EC:11,-18, WPA2 ,0.000000,0.000000,0.000,0.000,AP
2023-12-04 16:55:49,1900-01-00 00:00:00,Xiaomi_EC10,88:C3:97:04:EC:11,-17, WPA2 ,0.000000,0.000000,0.000,0.000,AP
2023-12-04 16:55:49,1900-01-00 00:00:00,Xiaomi_EC10,88:C3:97:04:EC:11,-17, WPA2 ,0.000000,0.000000,0.000,0.000,AP
2023-12-04 16:55:49,1900-01-00 00:00:00,Xiaomi_EC10,88:C3:97:04:EC:11,-18, WPA2 ,0.000000,0.000000,0.000,0.000,AP
2023-12-04 16:55:49,1900-01-00 00:00:00,Xiaomi_EC10,88:C3:97:04:EC:11,-18, WPA2 ,0.000000,0.000000,0.000,0.000,AP
2023-12-04 16:55:49,1900-01-00 00:00:00,Xiaomi_EC10,88:C3:97:04:EC:11,-17, WPA2 ,0.000000,0.000000,0.000,0.000,AP
2023-12-04 16:55:49,1900-01-00 00:00:00,Xiaomi_EC10,88:C3:97:04:EC:11,-18, WPA2 ,0.000000,0.000000,0.000,0.000,AP
2023-12-04 16:55:49,1900-01-00 00:00:00,Xiaomi_EC10,88:C3:97:04:EC:11,-18, WPA2 ,0.000000,0.000000,0.000,0.000,AP
2023-12-04 16:55:49,1900-01-00 00:00:00,Xiaomi_EC10,88:C3:97:04:EC:11,-18, WPA2 ,0.000000,0.000000,0.000,0.000,AP
2023-12-04 16:55:49,1900-01-00 00:00:00,Xiaomi_EC10,88:C3:97:04:EC:11,-19, WPA2 ,0.000000,0.000000,0.000,0.000,AP
2023-12-04 16:55:49,1900-01-00 00:00:00,Xiaomi_EC10,88:C3:97:04:EC:11,-19, WPA2 ,0.000000,0.000000,0.000,0.000,AP
2023-12-04 16:55:49,1900-01-00 00:00:00,Xiaomi_EC10,88:C3:97:04:EC:11,-18, WPA2 ,0.000000,0.000000,0.000,0.000,AP
2023-12-04 16:55:49,1900-01-00 00:00:00,Xiaomi_EC10,88:C3:97:04:EC:11,-19, WPA2 ,0.000000,0.000000,0.000,0.000,AP
2023-12-04 16:55:49,1900-01-00 00:00:00,Xiaomi_EC10,88:C3:97:04:EC:11,-20, WPA2 ,0.000000,0.000000,0.000,0.000,AP
2023-12-04 16:55:49,1900-01-00 00:00:00,Xiaomi_EC10,88:C3:97:04:EC:11,-19, WPA2 ,0.000000,0.000000,0.000,0.000,AP
2023-12-04 16:55:49,1900-01-00 00:00:00,Xiaomi_EC10,88:C3:97:04:EC:11,-19, WPA2 ,0.000000,0.000000,0.000,0.000,AP
2023-12-04 16:55:49,1900-01-00 00:00:00,Xiaomi_EC10,88:C3:97:04:EC:11,-20, WPA2 ,0.000000,0.000000,0.000,0.000,AP
2023-12-04 16:55:50,1900-01-00 00:00:00,Xiaomi_EC10,88:C3:97:04:EC:11,-18, WPA2 ,0.000000,0.000000,0.000,0.000,AP
2023-12-04 16:55:50,1900-01-00 00:00:00,Xiaomi_EC10,88:C3:97:04:EC:11,-19, WPA2 ,0.000000,0.000000,0.000,0.000,AP
2023-12-04 16:55:50,1900-01-00 00:00:00,Xiaomi_EC10,88:C3:97:04:EC:11,-19, WPA2 ,0.000000,0.000000,0.000,0.000,AP
2023-12-04 16:55:50,1900-01-00 00:00:00,Xiaomi_EC10,88:C3:97:04:EC:11,-19, WPA2 ,0.000000,0.000000,0.000,0.000,AP
2023-12-04 16:55:50,1900-01-00 00:00:00,Xiaomi_EC10,88:C3:97:04:EC:11,-20, WPA2 ,0.000000,0.000000,0.000,0.000,AP
2023-12-04 16:55:50,1900-01-00 00:00:00,Xiaomi_EC10,88:C3:97:04:EC:11,-19, WPA2 ,0.000000,0.000000,0.000,0.000,AP
2023-12-04 16:55:50,1900-01-00 00:00:00,,B2:6C:68:18:80:AA,-25,,0.000000,0.000000,0.000,0.000,Client
2023-12-04 16:55:50,1900-01-00 00:00:00,Xiaomi_EC10,88:C3:97:04:EC:11,-17, WPA2 ,0.000000,0.000000,0.000,0.000,AP
2023-12-04 16:55:50,1900-01-00 00:00:00,Xiaomi_EC10,88:C3:97:04:EC:11,-17, WPA2 ,0.000000,0.000000,0.000,0.000,AP
2023-12-04 16:55:50,1900-01-00 00:00:00,,B2:6C:68:18:80:AA,-25,,0.000000,0.000000,0.000,0.000,Client
2023-12-04 16:55:50,1900-01-00 00:00:00,Xiaomi_EC10,88:C3:97:04:EC:11,-18, WPA2 ,0.000000,0.000000,0.000,0.000,AP
2023-12-04 16:55:50,1900-01-00 00:00:00,Xiaomi_EC10,88:C3:97:04:EC:11,-17, WPA2 ,0.000000,0.000000,0.000,0.000,AP
2023-12-04 16:55:50,1900-01-00 00:00:00,,B2:6C:68:18:80:AA,-25,,0.000000,0.000000,0.000,0.000,Client
2023-12-04 16:55:50,1900-01-00 00:00:00,Xiaomi_EC10,88:C3:97:04:EC:11,-19, WPA2 ,0.000000,0.000000,0.000,0.000,AP
2023-12-04 16:55:50,1900-01-00 00:00:00,Xiaomi_EC10,88:C3:97:04:EC:11,-19, WPA2 ,0.000000,0.000000,0.000,0.000,AP
2023-12-04 16:55:50,1900-01-00 00:00:00,Xiaomi_EC10,88:C3:97:04:EC:11,-19, WPA2 ,0.000000,0.000000,0.000,0.000,AP
2023-12-04 16:55:50,1900-01-00 00:00:00,Xiaomi_EC10,88:C3:97:04:EC:11,-19, WPA2 ,0.000000,0.000000,0.000,0.000,AP
2023-12-04 16:55:50,1900-01-00 00:00:00,Xiaomi_EC10,88:C3:97:04:EC:11,-19, WPA2 ,0.000000,0.000000,0.000,0.000,AP
2023-12-04 16:55:50,1900-01-00 00:00:00,Xiaomi_EC10,88:C3:97:04:EC:11,-18, WPA2 ,0.000000,0.000000,0.000,0.000,AP
2023-12-04 16:55:50,1900-01-00 00:00:00,,B2:6C:68:18:80:AA,-25,,0.000000,0.000000,0.000,0.000,Client
2023-12-04 16:55:50,1900-01-00 00:00:00,Xiaomi_EC10,88:C3:97:04:EC:11,-17, WPA2 ,0.000000,0.000000,0.000,0.000,AP
2023-12-04 16:55:50,1900-01-00 00:00:00,Xiaomi_EC10,88:C3:97:04:EC:11,-17, WPA2 ,0.000000,0.000000,0.000,0.000,AP
2023-12-04 16:55:50,1900-01-00 00:00:00,Xiaomi_EC10,88:C3:97:04:EC:11,-17, WPA2 ,0.000000,0.000000,0.000,0.000,AP
2023-12-04 16:55:50,1900-01-00 00:00:00,Xiaomi_EC10,88:C3:97:04:EC:11,-18, WPA2 ,0.000000,0.000000,0.000,0.000,AP
2023-12-04 16:55:50,1900-01-00 00:00:00,Xiaomi_EC10,88:C3:97:04:EC:11,-18, WPA2 ,0.000000,0.000000,0.000,0.000,AP
2023-12-04 16:55:50,1900-01-00 00:00:00,,B2:6C:68:18:80:AA,-27,,0.000000,0.000000,0.000,0.000,Client
2023-12-04 16:55:50,1900-01-00 00:00:00,Xiaomi_EC10,88:C3:97:04:EC:11,-19, WPA2 ,0.000000,0.000000,0.000,0.000,AP
2023-12-04 16:55:50,1900-01-00 00:00:00,,B2:6C:68:18:80:AA,-27,,0.000000,0.000000,0.000,0.000,Client
2023-12-04 16:55:50,1900-01-00 00:00:00,Xiaomi_EC10,88:C3:97:04:EC:11,-20, WPA2 ,0.000000,0.000000,0.000,0.000,AP
2023-12-04 16:55:50,1900-01-00 00:00:00,Xiaomi_EC10,88:C3:97:04:EC:11,-19, WPA2 ,0.000000,0.000000,0.000,0.000,AP
2023-12-04 16:55:50,1900-01-00 00:00:00,Xiaomi_EC10,88:C3:97:04:EC:11,-19, WPA2 ,0.000000,0.000000,0.000,0.000,AP
2023-12-04 16:55:50,1900-01-00 00:00:00,Xiaomi_EC10,88:C3:97:04:EC:11,-18, WPA2 ,0.000000,0.000000,0.000,0.000,AP
2023-12-04 16:55:50,1900-01-00 00:00:00,Xiaomi_EC10,88:C3:97:04:EC:11,-18, WPA2 ,0.000000,0.000000,0.000,0.000,AP
2023-12-04 16:55:50,1900-01-00 00:00:00,Xiaomi_EC10,88:C3:97:04:EC:11,-18, WPA2 ,0.000000,0.000000,0.000,0.000,AP
2023-12-04 16:55:50,1900-01-00 00:00:00,Xiaomi_EC10,88:C3:97:04:EC:11,-19, WPA2 ,0.000000,0.000000,0.000,0.000,AP
2023-12-04 16:55:50,1900-01-00 00:00:00,,B2:6C:68:18:80:AA,-26,,0.000000,0.000000,0.000,0.000,Client
2023-12-04 16:55:50,1900-01-00 00:00:00,Xiaomi_EC10,88:C3:97:04:EC:11,-19, WPA2 ,0.000000,0.000000,0.000,0.000,AP
2023-12-04 16:55:50,1900-01-00 00:00:00,,B2:6C:68:18:80:AA,-27,,0.000000,0.000000,0.000,0.000,Client
2023-12-04 16:55:50,1900-01-00 00:00:00,,B2:6C:68:18:80:AA,-26,,0.000000,0.000000,0.000,0.000,Client
2023-12-04 16:55:50,1900-01-00 00:00:00,Xiaomi_EC10,88:C3:97:04:EC:11,-17, WPA2 ,0.000000,0.000000,0.000,0.000,AP
2023-12-04 16:55:50,1900-01-00 00:00:00,Xiaomi_EC10,88:C3:97:04:EC:11,-19, WPA2 ,0.000000,0.000000,0.000,0.000,AP
2023-12-04 16:55:50,1900-01-00 00:00:00,Xiaomi_EC10,88:C3:97:04:EC:11,-18, WPA2 ,0.000000,0.000000,0.000,0.000,AP
2023-12-04 16:55:50,1900-01-00 00:00:00,Xiaomi_EC10,88:C3:97:04:EC:11,-18, WPA2 ,0.000000,0.000000,0.000,0.000,AP
2023-12-04 16:55:50,1900-01-00 00:00:00,Xiaomi_EC10,88:C3:97:04:EC:11,-19, WPA2 ,0.000000,0.000000,0.000,0.000,AP
2023-12-04 16:55:50,1900-01-00 00:00:00,Xiaomi_EC10,88:C3:97:04:EC:11,-18, WPA2 ,0.000000,0.000000,0.000,0.000,AP
2023-12-04 16:55:50,1900-01-00 00:00:00,,B2:6C:68:18:80:AA,-27,,0.000000,0.000000,0.000,0.000,Client
2023-12-04 16:55:50,1900-01-00 00:00:00,,B2:6C:68:18:80:AA,-26,,0.000000,0.000000,0.000,0.000,Client
2023-12-04 16:55:50,1900-01-00 00:00:00,Xiaomi_EC10,88:C3:97:04:EC:11,-17, WPA2 ,0.000000,0.000000,0.000,0.000,AP
2023-12-04 16:55:50,1900-01-00 00:00:00,Xiaomi_EC10,88:C3:97:04:EC:11,-19, WPA2 ,0.000000,0.000000,0.000,0.000,AP
2023-12-04 16:55:50,1900-01-00 00:00:00,Xiaomi_EC10,88:C3:97:04:EC:11,-17, WPA2 ,0.000000,0.000000,0.000,0.000,AP
2023-12-04 16:55:50,1900-01-00 00:00:00,,B2:6C:68:18:80:AA,-27,,0.000000,0.000000,0.000,0.000,Client
2023-12-04 16:55:50,1900-01-00 00:00:00,Xiaomi_EC10,88:C3:97:04:EC:11,-17, WPA2 ,0.000000,0.000000,0.000,0.000,AP
2023-12-04 16:55:50,1900-01-00 00:00:00,Xiaomi_EC10,88:C3:97:04:EC:11,-20, WPA2 ,0.000000,0.000000,0.000,0.000,AP
2023-12-04 16:55:50,1900-01-00 00:00:00,,B2:6C:68:18:80:AA,-27,,0.000000,0.000000,0.000,0.000,Client
2023-12-04 16:55:50,1900-01-00 00:00:00,Xiaomi_EC10,88:C3:97:04:EC:11,-20, WPA2 ,0.000000,0.000000,0.000,0.000,AP
2023-12-04 16:55:50,1900-01-00 00:00:00,Xiaomi_EC10,88:C3:97:04:EC:11,-19, WPA2 ,0.000000,0.000000,0.000,0.000,AP
2023-12-04 16:55:50,1900-01-00 00:00:00,Xiaomi_EC10,88:C3:97:04:EC:11,-20, WPA2 ,0.000000,0.000000,0.000,0.000,AP
2023-12-04 16:55:50,1900-01-00 00:00:00,Xiaomi_EC10,88:C3:97:04:EC:11,-19, WPA2 ,0.000000,0.000000,0.000,0.000,AP
2023-12-04 16:55:50,1900-01-00 00:00:00,Xiaomi_EC10,88:C3:97:04:EC:11,-20, WPA2 ,0.000000,0.000000,0.000,0.000,AP
2023-12-04 16:55:50,1900-01-00 00:00:00,Xiaomi_EC10,88:C3:97:04:EC:11,-18, WPA2 ,0.000000,0.000000,0.000,0.000,AP
2023-12-04 16:55:50,1900-01-00 00:00:00,Xiaomi_EC10,88:C3:97:04:EC:11,-18, WPA2 ,0.000000,0.000000,0.000,0.000,AP
2023-12-04 16:55:50,1900-01-00 00:00:00,Xiaomi_EC10,88:C3:97:04:EC:11,-17, WPA2 ,0.000000,0.000000,0.000,0.000,AP
2023-12-04 16:55:50,1900-01-00 00:00:00,Xiaomi_EC10,88:C3:97:04:EC:11,-20, WPA2 ,0.000000,0.000000,0.000,0.000,AP
2023-12-04 16:55:50,1900-01-00 00:00:00,Xiaomi_EC10,88:C3:97:04:EC:11,-19, WPA2 ,0.000000,0.000000,0.000,0.000,AP
2023-12-04 16:55:50,1900-01-00 00:00:00,Xiaomi_EC10,88:C3:97:04:EC:11,-19, WPA2 ,0.000000,0.000000,0.000,0.000,AP
2023-12-04 16:55:50,1900-01-00 00:00:00,Xiaomi_EC10,88:C3:97:04:EC:11,-19, WPA2 ,0.000000,0.000000,0.000,0.000,AP
2023-12-04 16:55:50,1900-01-00 00:00:00,Xiaomi_EC10,88:C3:97:04:EC:11,-19, WPA2 ,0.000000,0.000000,0.000,0.000,AP
2023-12-04 16:55:50,1900-01-00 00:00:00,Xiaomi_EC10,88:C3:97:04:EC:11,-18, WPA2 ,0.000000,0.000000,0.000,0.000,AP
2023-12-04 16:55:50,1900-01-00 00:00:00,Xiaomi_EC10,88:C3:97:04:EC:11,-18, WPA2 ,0.000000,0.000000,0.000,0.000,AP
2023-12-04 16:55:50,1900-01-00 00:00:00,Xiaomi_EC10,88:C3:97:04:EC:11,-18, WPA2 ,0.000000,0.000000,0.000,0.000,AP
2023-12-04 16:55:50,1900-01-00 00:00:00,Xiaomi_EC10,88:C3:97:04:EC:11,-18, WPA2 ,0.000000,0.000000,0.000,0.000,AP
2023-12-04 16:55:50,1900-01-00 00:00:00,Xiaomi_EC10,88:C3:97:04:EC:11,-18, WPA2 ,0.000000,0.000000,0.000,0.000,AP
2023-12-04 16:55:50,1900-01-00 00:00:00,,B2:6C:68:18:80:AA,-27,,0.000000,0.000000,0.000,0.000,Client
2023-12-04 16:55:50,1900-01-00 00:00:00,Xiaomi_EC10,88:C3:97:04:EC:11,-20, WPA2 ,0.000000,0.000000,0.00